device_id,FRI_STD_f_blue_avg_num_scans_of_all_devices_of_others_first_half_ni_wkend_day,FRI_STD_f_blue_avg_num_scans_of_all_devices_of_others_second_half_ni_wkend_day,FRI_STD_f_blue_avg_num_scans_of_all_devices_of_others_sem_ni_wkend_day,FRI_STD_f_blue_avg_num_scans_of_all_devices_of_self_first_half_ni_wkend_day,FRI_STD_f_blue_avg_num_scans_of_all_devices_of_self_second_half_ni_wkend_day,FRI_STD_f_blue_avg_num_scans_of_all_devices_of_self_sem_ni_wkend_day,FRI_STD_f_blue_num_scans_of_least_frequent_device_first_half_ni_wkend_day,FRI_STD_f_blue_num_scans_of_least_frequent_device_of_others_first_half_ni_wkend_day,FRI_STD_f_blue_num_scans_of_least_frequent_device_of_others_second_half_ni_wkend_day,FRI_STD_f_blue_num_scans_of_least_frequent_device_of_others_sem_ni_wkend_day,FRI_STD_f_blue_num_scans_of_least_frequent_device_of_self_first_half_ni_wkend_day,FRI_STD_f_blue_num_scans_of_least_frequent_device_of_self_second_half_ni_wkend_day,FRI_STD_f_blue_num_scans_of_least_frequent_device_of_self_sem_ni_wkend_day,FRI_STD_f_blue_num_scans_of_least_frequent_device_second_half_ni_wkend_day,FRI_STD_f_blue_num_scans_of_least_frequent_device_sem_ni_wkend_day,FRI_STD_f_blue_num_scans_of_most_frequent_device_first_half_ni_wkend_day,FRI_STD_f_blue_num_scans_of_most_frequent_device_of_others_first_half_ni_wkend_day,FRI_STD_f_blue_num_scans_of_most_frequent_device_of_others_second_half_ni_wkend_day,FRI_STD_f_blue_num_scans_of_most_frequent_device_of_others_sem_ni_wkend_day,FRI_STD_f_blue_num_scans_of_most_frequent_device_of_self_first_half_ni_wkend_day,FRI_STD_f_blue_num_scans_of_most_frequent_device_of_self_second_half_ni_wkend_day,FRI_STD_f_blue_num_scans_of_most_frequent_device_of_self_sem_ni_wkend_day,FRI_STD_f_blue_num_scans_of_most_frequent_device_second_half_ni_wkend_day,FRI_STD_f_blue_num_scans_of_most_frequent_device_sem_ni_wkend_day,FRI_STD_f_blue_number_samples_bluetooth_first_half_ni_wkend_day,FRI_STD_f_blue_number_samples_bluetooth_second_half_ni_wkend_day,FRI_STD_f_blue_number_samples_bluetooth_sem_ni_wkend_day,FRI_STD_f_blue_number_unique_devices_first_half_ni_wkend_day,FRI_STD_f_blue_number_unique_devices_of_others_first_half_ni_wkend_day,FRI_STD_f_blue_number_unique_devices_of_others_second_half_ni_wkend_day,FRI_STD_f_blue_number_unique_devices_of_others_sem_ni_wkend_day,FRI_STD_f_blue_number_unique_devices_of_self_first_half_ni_wkend_day,FRI_STD_f_blue_number_unique_devices_of_self_second_half_ni_wkend_day,FRI_STD_f_blue_number_unique_devices_of_self_sem_ni_wkend_day,FRI_STD_f_blue_number_unique_devices_second_half_ni_wkend_day,FRI_STD_f_blue_number_unique_devices_sem_ni_wkend_day,FRI_STD_f_blue_std_num_scans_of_all_devices_of_others_first_half_ni_wkend_day,FRI_STD_f_blue_std_num_scans_of_all_devices_of_others_second_half_ni_wkend_day,FRI_STD_f_blue_std_num_scans_of_all_devices_of_others_sem_ni_wkend_day,FRI_STD_f_blue_std_num_scans_of_all_devices_of_self_first_half_ni_wkend_day,FRI_STD_f_blue_std_num_scans_of_all_devices_of_self_second_half_ni_wkend_day,FRI_STD_f_blue_std_num_scans_of_all_devices_of_self_sem_ni_wkend_day,FRI_STD_f_blue_sum_num_scans_of_all_devices_of_others_first_half_ni_wkend_day,FRI_STD_f_blue_sum_num_scans_of_all_devices_of_others_second_half_ni_wkend_day,FRI_STD_f_blue_sum_num_scans_of_all_devices_of_others_sem_ni_wkend_day,FRI_STD_f_blue_sum_num_scans_of_all_devices_of_self_first_half_ni_wkend_day,FRI_STD_f_blue_sum_num_scans_of_all_devices_of_self_second_half_ni_wkend_day,FRI_STD_f_blue_sum_num_scans_of_all_devices_of_self_sem_ni_wkend_day,MON_STD_avg_num_scans_of_all_devices_of_others_first_half_f_blue_ni_wkend_day,MON_STD_avg_num_scans_of_all_devices_of_others_second_half_f_blue_ni_wkend_day,MON_STD_avg_num_scans_of_all_devices_of_others_sem_f_blue_ni_wkend_day,MON_STD_avg_num_scans_of_all_devices_of_self_first_half_f_blue_ni_wkend_day,MON_STD_avg_num_scans_of_all_devices_of_self_second_half_f_blue_ni_wkend_day,MON_STD_avg_num_scans_of_all_devices_of_self_sem_f_blue_ni_wkend_day,MON_STD_num_scans_of_least_frequent_device_first_half_f_blue_ni_wkend_day,MON_STD_num_scans_of_least_frequent_device_of_others_first_half_f_blue_ni_wkend_day,MON_STD_num_scans_of_least_frequent_device_of_others_second_half_f_blue_ni_wkend_day,MON_STD_num_scans_of_least_frequent_device_of_others_sem_f_blue_ni_wkend_day,MON_STD_num_scans_of_least_frequent_device_of_self_first_half_f_blue_ni_wkend_day,MON_STD_num_scans_of_least_frequent_device_of_self_second_half_f_blue_ni_wkend_day,MON_STD_num_scans_of_least_frequent_device_of_self_sem_f_blue_ni_wkend_day,MON_STD_num_scans_of_least_frequent_device_second_half_f_blue_ni_wkend_day,MON_STD_num_scans_of_least_frequent_device_sem_f_blue_ni_wkend_day,MON_STD_num_scans_of_most_frequent_device_first_half_f_blue_ni_wkend_day,MON_STD_num_scans_of_most_frequent_device_of_others_first_half_f_blue_ni_wkend_day,MON_STD_num_scans_of_most_frequent_device_of_others_second_half_f_blue_ni_wkend_day,MON_STD_num_scans_of_most_frequent_device_of_others_sem_f_blue_ni_wkend_day,MON_STD_num_scans_of_most_frequent_device_of_self_first_half_f_blue_ni_wkend_day,MON_STD_num_scans_of_most_frequent_device_of_self_second_half_f_blue_ni_wkend_day,MON_STD_num_scans_of_most_frequent_device_of_self_sem_f_blue_ni_wkend_day,MON_STD_num_scans_of_most_frequent_device_second_half_f_blue_ni_wkend_day,MON_STD_num_scans_of_most_frequent_device_sem_f_blue_ni_wkend_day,MON_STD_number_samples_bluetooth_first_half_f_blue_ni_wkend_day,MON_STD_number_samples_bluetooth_second_half_f_blue_ni_wkend_day,MON_STD_number_samples_bluetooth_sem_f_blue_ni_wkend_day,MON_STD_number_unique_devices_first_half_f_blue_ni_wkend_day,MON_STD_number_unique_devices_of_others_first_half_f_blue_ni_wkend_day,MON_STD_number_unique_devices_of_others_second_half_f_blue_ni_wkend_day,MON_STD_number_unique_devices_of_others_sem_f_blue_ni_wkend_day,MON_STD_number_unique_devices_of_self_first_half_f_blue_ni_wkend_day,MON_STD_number_unique_devices_of_self_second_half_f_blue_ni_wkend_day,MON_STD_number_unique_devices_of_self_sem_f_blue_ni_wkend_day,MON_STD_number_unique_devices_second_half_f_blue_ni_wkend_day,MON_STD_number_unique_devices_sem_f_blue_ni_wkend_day,MON_STD_std_num_scans_of_all_devices_of_others_first_half_f_blue_ni_wkend_day,MON_STD_std_num_scans_of_all_devices_of_others_second_half_f_blue_ni_wkend_day,MON_STD_std_num_scans_of_all_devices_of_others_sem_f_blue_ni_wkend_day,MON_STD_std_num_scans_of_all_devices_of_self_first_half_f_blue_ni_wkend_day,MON_STD_std_num_scans_of_all_devices_of_self_second_half_f_blue_ni_wkend_day,MON_STD_std_num_scans_of_all_devices_of_self_sem_f_blue_ni_wkend_day,MON_STD_sum_num_scans_of_all_devices_of_others_first_half_f_blue_ni_wkend_day,MON_STD_sum_num_scans_of_all_devices_of_others_second_half_f_blue_ni_wkend_day,MON_STD_sum_num_scans_of_all_devices_of_others_sem_f_blue_ni_wkend_day,MON_STD_sum_num_scans_of_all_devices_of_self_first_half_f_blue_ni_wkend_day,MON_STD_sum_num_scans_of_all_devices_of_self_second_half_f_blue_ni_wkend_day,MON_STD_sum_num_scans_of_all_devices_of_self_sem_f_blue_ni_wkend_day,SAT_STD_f_blue_avg_num_scans_of_all_devices_of_others_first_half_ni_wkend_day,SAT_STD_f_blue_avg_num_scans_of_all_devices_of_others_second_half_ni_wkend_day,SAT_STD_f_blue_avg_num_scans_of_all_devices_of_others_sem_ni_wkend_day,SAT_STD_f_blue_avg_num_scans_of_all_devices_of_self_first_half_ni_wkend_day,SAT_STD_f_blue_avg_num_scans_of_all_devices_of_self_second_half_ni_wkend_day,SAT_STD_f_blue_avg_num_scans_of_all_devices_of_self_sem_ni_wkend_day,SAT_STD_f_blue_num_scans_of_least_frequent_device_first_half_ni_wkend_day,SAT_STD_f_blue_num_scans_of_least_frequent_device_of_others_first_half_ni_wkend_day,SAT_STD_f_blue_num_scans_of_least_frequent_device_of_others_second_half_ni_wkend_day,SAT_STD_f_blue_num_scans_of_least_frequent_device_of_others_sem_ni_wkend_day,SAT_STD_f_blue_num_scans_of_least_frequent_device_of_self_first_half_ni_wkend_day,SAT_STD_f_blue_num_scans_of_least_frequent_device_of_self_second_half_ni_wkend_day,SAT_STD_f_blue_num_scans_of_least_frequent_device_of_self_sem_ni_wkend_day,SAT_STD_f_blue_num_scans_of_least_frequent_device_second_half_ni_wkend_day,SAT_STD_f_blue_num_scans_of_least_frequent_device_sem_ni_wkend_day,SAT_STD_f_blue_num_scans_of_most_frequent_device_first_half_ni_wkend_day,SAT_STD_f_blue_num_scans_of_most_frequent_device_of_others_first_half_ni_wkend_day,SAT_STD_f_blue_num_scans_of_most_frequent_device_of_others_second_half_ni_wkend_day,SAT_STD_f_blue_num_scans_of_most_frequent_device_of_others_sem_ni_wkend_day,SAT_STD_f_blue_num_scans_of_most_frequent_device_of_self_first_half_ni_wkend_day,SAT_STD_f_blue_num_scans_of_most_frequent_device_of_self_second_half_ni_wkend_day,SAT_STD_f_blue_num_scans_of_most_frequent_device_of_self_sem_ni_wkend_day,SAT_STD_f_blue_num_scans_of_most_frequent_device_second_half_ni_wkend_day,SAT_STD_f_blue_num_scans_of_most_frequent_device_sem_ni_wkend_day,SAT_STD_f_blue_number_samples_bluetooth_first_half_ni_wkend_day,SAT_STD_f_blue_number_samples_bluetooth_second_half_ni_wkend_day,SAT_STD_f_blue_number_samples_bluetooth_sem_ni_wkend_day,SAT_STD_f_blue_number_unique_devices_first_half_ni_wkend_day,SAT_STD_f_blue_number_unique_devices_of_others_first_half_ni_wkend_day,SAT_STD_f_blue_number_unique_devices_of_others_second_half_ni_wkend_day,SAT_STD_f_blue_number_unique_devices_of_others_sem_ni_wkend_day,SAT_STD_f_blue_number_unique_devices_of_self_first_half_ni_wkend_day,SAT_STD_f_blue_number_unique_devices_of_self_second_half_ni_wkend_day,SAT_STD_f_blue_number_unique_devices_of_self_sem_ni_wkend_day,SAT_STD_f_blue_number_unique_devices_second_half_ni_wkend_day,SAT_STD_f_blue_number_unique_devices_sem_ni_wkend_day,SAT_STD_f_blue_std_num_scans_of_all_devices_of_others_first_half_ni_wkend_day,SAT_STD_f_blue_std_num_scans_of_all_devices_of_others_second_half_ni_wkend_day,SAT_STD_f_blue_std_num_scans_of_all_devices_of_others_sem_ni_wkend_day,SAT_STD_f_blue_std_num_scans_of_all_devices_of_self_first_half_ni_wkend_day,SAT_STD_f_blue_std_num_scans_of_all_devices_of_self_second_half_ni_wkend_day,SAT_STD_f_blue_std_num_scans_of_all_devices_of_self_sem_ni_wkend_day,SAT_STD_f_blue_sum_num_scans_of_all_devices_of_others_first_half_ni_wkend_day,SAT_STD_f_blue_sum_num_scans_of_all_devices_of_others_second_half_ni_wkend_day,SAT_STD_f_blue_sum_num_scans_of_all_devices_of_others_sem_ni_wkend_day,SAT_STD_f_blue_sum_num_scans_of_all_devices_of_self_first_half_ni_wkend_day,SAT_STD_f_blue_sum_num_scans_of_all_devices_of_self_second_half_ni_wkend_day,SAT_STD_f_blue_sum_num_scans_of_all_devices_of_self_sem_ni_wkend_day,SUN_STD_f_blue_avg_num_scans_of_all_devices_of_others_first_half_ni_wkend_day,SUN_STD_f_blue_avg_num_scans_of_all_devices_of_others_second_half_ni_wkend_day,SUN_STD_f_blue_avg_num_scans_of_all_devices_of_others_sem_ni_wkend_day,SUN_STD_f_blue_avg_num_scans_of_all_devices_of_self_first_half_ni_wkend_day,SUN_STD_f_blue_avg_num_scans_of_all_devices_of_self_second_half_ni_wkend_day,SUN_STD_f_blue_avg_num_scans_of_all_devices_of_self_sem_ni_wkend_day,SUN_STD_f_blue_num_scans_of_least_frequent_device_first_half_ni_wkend_day,SUN_STD_f_blue_num_scans_of_least_frequent_device_of_others_first_half_ni_wkend_day,SUN_STD_f_blue_num_scans_of_least_frequent_device_of_others_second_half_ni_wkend_day,SUN_STD_f_blue_num_scans_of_least_frequent_device_of_others_sem_ni_wkend_day,SUN_STD_f_blue_num_scans_of_least_frequent_device_of_self_first_half_ni_wkend_day,SUN_STD_f_blue_num_scans_of_least_frequent_device_of_self_second_half_ni_wkend_day,SUN_STD_f_blue_num_scans_of_least_frequent_device_of_self_sem_ni_wkend_day,SUN_STD_f_blue_num_scans_of_least_frequent_device_second_half_ni_wkend_day,SUN_STD_f_blue_num_scans_of_least_frequent_device_sem_ni_wkend_day,SUN_STD_f_blue_num_scans_of_most_frequent_device_first_half_ni_wkend_day,SUN_STD_f_blue_num_scans_of_most_frequent_device_of_others_first_half_ni_wkend_day,SUN_STD_f_blue_num_scans_of_most_frequent_device_of_others_second_half_ni_wkend_day,SUN_STD_f_blue_num_scans_of_most_frequent_device_of_others_sem_ni_wkend_day,SUN_STD_f_blue_num_scans_of_most_frequent_device_of_self_first_half_ni_wkend_day,SUN_STD_f_blue_num_scans_of_most_frequent_device_of_self_second_half_ni_wkend_day,SUN_STD_f_blue_num_scans_of_most_frequent_device_of_self_sem_ni_wkend_day,SUN_STD_f_blue_num_scans_of_most_frequent_device_second_half_ni_wkend_day,SUN_STD_f_blue_num_scans_of_most_frequent_device_sem_ni_wkend_day,SUN_STD_f_blue_number_samples_bluetooth_first_half_ni_wkend_day,SUN_STD_f_blue_number_samples_bluetooth_second_half_ni_wkend_day,SUN_STD_f_blue_number_samples_bluetooth_sem_ni_wkend_day,SUN_STD_f_blue_number_unique_devices_first_half_ni_wkend_day,SUN_STD_f_blue_number_unique_devices_of_others_first_half_ni_wkend_day,SUN_STD_f_blue_number_unique_devices_of_others_second_half_ni_wkend_day,SUN_STD_f_blue_number_unique_devices_of_others_sem_ni_wkend_day,SUN_STD_f_blue_number_unique_devices_of_self_first_half_ni_wkend_day,SUN_STD_f_blue_number_unique_devices_of_self_second_half_ni_wkend_day,SUN_STD_f_blue_number_unique_devices_of_self_sem_ni_wkend_day,SUN_STD_f_blue_number_unique_devices_second_half_ni_wkend_day,SUN_STD_f_blue_number_unique_devices_sem_ni_wkend_day,SUN_STD_f_blue_std_num_scans_of_all_devices_of_others_first_half_ni_wkend_day,SUN_STD_f_blue_std_num_scans_of_all_devices_of_others_second_half_ni_wkend_day,SUN_STD_f_blue_std_num_scans_of_all_devices_of_others_sem_ni_wkend_day,SUN_STD_f_blue_std_num_scans_of_all_devices_of_self_first_half_ni_wkend_day,SUN_STD_f_blue_std_num_scans_of_all_devices_of_self_second_half_ni_wkend_day,SUN_STD_f_blue_std_num_scans_of_all_devices_of_self_sem_ni_wkend_day,SUN_STD_f_blue_sum_num_scans_of_all_devices_of_others_first_half_ni_wkend_day,SUN_STD_f_blue_sum_num_scans_of_all_devices_of_others_second_half_ni_wkend_day,SUN_STD_f_blue_sum_num_scans_of_all_devices_of_others_sem_ni_wkend_day,SUN_STD_f_blue_sum_num_scans_of_all_devices_of_self_first_half_ni_wkend_day,SUN_STD_f_blue_sum_num_scans_of_all_devices_of_self_second_half_ni_wkend_day,SUN_STD_f_blue_sum_num_scans_of_all_devices_of_self_sem_ni_wkend_day,THU_STD_f_blue_avg_num_scans_of_all_devices_of_others_first_half_ni_wkend_day,THU_STD_f_blue_avg_num_scans_of_all_devices_of_others_second_half_ni_wkend_day,THU_STD_f_blue_avg_num_scans_of_all_devices_of_others_sem_ni_wkend_day,THU_STD_f_blue_avg_num_scans_of_all_devices_of_self_first_half_ni_wkend_day,THU_STD_f_blue_avg_num_scans_of_all_devices_of_self_second_half_ni_wkend_day,THU_STD_f_blue_avg_num_scans_of_all_devices_of_self_sem_ni_wkend_day,THU_STD_f_blue_num_scans_of_least_frequent_device_first_half_ni_wkend_day,THU_STD_f_blue_num_scans_of_least_frequent_device_of_others_first_half_ni_wkend_day,THU_STD_f_blue_num_scans_of_least_frequent_device_of_others_second_half_ni_wkend_day,THU_STD_f_blue_num_scans_of_least_frequent_device_of_others_sem_ni_wkend_day,THU_STD_f_blue_num_scans_of_least_frequent_device_of_self_first_half_ni_wkend_day,THU_STD_f_blue_num_scans_of_least_frequent_device_of_self_second_half_ni_wkend_day,THU_STD_f_blue_num_scans_of_least_frequent_device_of_self_sem_ni_wkend_day,THU_STD_f_blue_num_scans_of_least_frequent_device_second_half_ni_wkend_day,THU_STD_f_blue_num_scans_of_least_frequent_device_sem_ni_wkend_day,THU_STD_f_blue_num_scans_of_most_frequent_device_first_half_ni_wkend_day,THU_STD_f_blue_num_scans_of_most_frequent_device_of_others_first_half_ni_wkend_day,THU_STD_f_blue_num_scans_of_most_frequent_device_of_others_second_half_ni_wkend_day,THU_STD_f_blue_num_scans_of_most_frequent_device_of_others_sem_ni_wkend_day,THU_STD_f_blue_num_scans_of_most_frequent_device_of_self_first_half_ni_wkend_day,THU_STD_f_blue_num_scans_of_most_frequent_device_of_self_second_half_ni_wkend_day,THU_STD_f_blue_num_scans_of_most_frequent_device_of_self_sem_ni_wkend_day,THU_STD_f_blue_num_scans_of_most_frequent_device_second_half_ni_wkend_day,THU_STD_f_blue_num_scans_of_most_frequent_device_sem_ni_wkend_day,THU_STD_f_blue_number_samples_bluetooth_first_half_ni_wkend_day,THU_STD_f_blue_number_samples_bluetooth_second_half_ni_wkend_day,THU_STD_f_blue_number_samples_bluetooth_sem_ni_wkend_day,THU_STD_f_blue_number_unique_devices_first_half_ni_wkend_day,THU_STD_f_blue_number_unique_devices_of_others_first_half_ni_wkend_day,THU_STD_f_blue_number_unique_devices_of_others_second_half_ni_wkend_day,THU_STD_f_blue_number_unique_devices_of_others_sem_ni_wkend_day,THU_STD_f_blue_number_unique_devices_of_self_first_half_ni_wkend_day,THU_STD_f_blue_number_unique_devices_of_self_second_half_ni_wkend_day,THU_STD_f_blue_number_unique_devices_of_self_sem_ni_wkend_day,THU_STD_f_blue_number_unique_devices_second_half_ni_wkend_day,THU_STD_f_blue_number_unique_devices_sem_ni_wkend_day,THU_STD_f_blue_std_num_scans_of_all_devices_of_others_first_half_ni_wkend_day,THU_STD_f_blue_std_num_scans_of_all_devices_of_others_second_half_ni_wkend_day,THU_STD_f_blue_std_num_scans_of_all_devices_of_others_sem_ni_wkend_day,THU_STD_f_blue_std_num_scans_of_all_devices_of_self_first_half_ni_wkend_day,THU_STD_f_blue_std_num_scans_of_all_devices_of_self_second_half_ni_wkend_day,THU_STD_f_blue_std_num_scans_of_all_devices_of_self_sem_ni_wkend_day,THU_STD_f_blue_sum_num_scans_of_all_devices_of_others_first_half_ni_wkend_day,THU_STD_f_blue_sum_num_scans_of_all_devices_of_others_second_half_ni_wkend_day,THU_STD_f_blue_sum_num_scans_of_all_devices_of_others_sem_ni_wkend_day,THU_STD_f_blue_sum_num_scans_of_all_devices_of_self_first_half_ni_wkend_day,THU_STD_f_blue_sum_num_scans_of_all_devices_of_self_second_half_ni_wkend_day,THU_STD_f_blue_sum_num_scans_of_all_devices_of_self_sem_ni_wkend_day,TUE_STD_f_blue_avg_num_scans_of_all_devices_of_others_first_half_ni_wkend_day,TUE_STD_f_blue_avg_num_scans_of_all_devices_of_others_second_half_ni_wkend_day,TUE_STD_f_blue_avg_num_scans_of_all_devices_of_others_sem_ni_wkend_day,TUE_STD_f_blue_avg_num_scans_of_all_devices_of_self_first_half_ni_wkend_day,TUE_STD_f_blue_avg_num_scans_of_all_devices_of_self_second_half_ni_wkend_day,TUE_STD_f_blue_avg_num_scans_of_all_devices_of_self_sem_ni_wkend_day,TUE_STD_f_blue_num_scans_of_least_frequent_device_first_half_ni_wkend_day,TUE_STD_f_blue_num_scans_of_least_frequent_device_of_others_first_half_ni_wkend_day,TUE_STD_f_blue_num_scans_of_least_frequent_device_of_others_second_half_ni_wkend_day,TUE_STD_f_blue_num_scans_of_least_frequent_device_of_others_sem_ni_wkend_day,TUE_STD_f_blue_num_scans_of_least_frequent_device_of_self_first_half_ni_wkend_day,TUE_STD_f_blue_num_scans_of_least_frequent_device_of_self_second_half_ni_wkend_day,TUE_STD_f_blue_num_scans_of_least_frequent_device_of_self_sem_ni_wkend_day,TUE_STD_f_blue_num_scans_of_least_frequent_device_second_half_ni_wkend_day,TUE_STD_f_blue_num_scans_of_least_frequent_device_sem_ni_wkend_day,TUE_STD_f_blue_num_scans_of_most_frequent_device_first_half_ni_wkend_day,TUE_STD_f_blue_num_scans_of_most_frequent_device_of_others_first_half_ni_wkend_day,TUE_STD_f_blue_num_scans_of_most_frequent_device_of_others_second_half_ni_wkend_day,TUE_STD_f_blue_num_scans_of_most_frequent_device_of_others_sem_ni_wkend_day,TUE_STD_f_blue_num_scans_of_most_frequent_device_of_self_first_half_ni_wkend_day,TUE_STD_f_blue_num_scans_of_most_frequent_device_of_self_second_half_ni_wkend_day,TUE_STD_f_blue_num_scans_of_most_frequent_device_of_self_sem_ni_wkend_day,TUE_STD_f_blue_num_scans_of_most_frequent_device_second_half_ni_wkend_day,TUE_STD_f_blue_num_scans_of_most_frequent_device_sem_ni_wkend_day,TUE_STD_f_blue_number_samples_bluetooth_first_half_ni_wkend_day,TUE_STD_f_blue_number_samples_bluetooth_second_half_ni_wkend_day,TUE_STD_f_blue_number_samples_bluetooth_sem_ni_wkend_day,TUE_STD_f_blue_number_unique_devices_first_half_ni_wkend_day,TUE_STD_f_blue_number_unique_devices_of_others_first_half_ni_wkend_day,TUE_STD_f_blue_number_unique_devices_of_others_second_half_ni_wkend_day,TUE_STD_f_blue_number_unique_devices_of_others_sem_ni_wkend_day,TUE_STD_f_blue_number_unique_devices_of_self_first_half_ni_wkend_day,TUE_STD_f_blue_number_unique_devices_of_self_second_half_ni_wkend_day,TUE_STD_f_blue_number_unique_devices_of_self_sem_ni_wkend_day,TUE_STD_f_blue_number_unique_devices_second_half_ni_wkend_day,TUE_STD_f_blue_number_unique_devices_sem_ni_wkend_day,TUE_STD_f_blue_std_num_scans_of_all_devices_of_others_first_half_ni_wkend_day,TUE_STD_f_blue_std_num_scans_of_all_devices_of_others_second_half_ni_wkend_day,TUE_STD_f_blue_std_num_scans_of_all_devices_of_others_sem_ni_wkend_day,TUE_STD_f_blue_std_num_scans_of_all_devices_of_self_first_half_ni_wkend_day,TUE_STD_f_blue_std_num_scans_of_all_devices_of_self_second_half_ni_wkend_day,TUE_STD_f_blue_std_num_scans_of_all_devices_of_self_sem_ni_wkend_day,TUE_STD_f_blue_sum_num_scans_of_all_devices_of_others_first_half_ni_wkend_day,TUE_STD_f_blue_sum_num_scans_of_all_devices_of_others_second_half_ni_wkend_day,TUE_STD_f_blue_sum_num_scans_of_all_devices_of_others_sem_ni_wkend_day,TUE_STD_f_blue_sum_num_scans_of_all_devices_of_self_first_half_ni_wkend_day,TUE_STD_f_blue_sum_num_scans_of_all_devices_of_self_second_half_ni_wkend_day,TUE_STD_f_blue_sum_num_scans_of_all_devices_of_self_sem_ni_wkend_day,WED_STD_f_blue_avg_num_scans_of_all_devices_of_others_first_half_ni_wkend_day,WED_STD_f_blue_avg_num_scans_of_all_devices_of_others_second_half_ni_wkend_day,WED_STD_f_blue_avg_num_scans_of_all_devices_of_others_sem_ni_wkend_day,WED_STD_f_blue_avg_num_scans_of_all_devices_of_self_first_half_ni_wkend_day,WED_STD_f_blue_avg_num_scans_of_all_devices_of_self_second_half_ni_wkend_day,WED_STD_f_blue_avg_num_scans_of_all_devices_of_self_sem_ni_wkend_day,WED_STD_f_blue_num_scans_of_least_frequent_device_first_half_ni_wkend_day,WED_STD_f_blue_num_scans_of_least_frequent_device_of_others_first_half_ni_wkend_day,WED_STD_f_blue_num_scans_of_least_frequent_device_of_others_second_half_ni_wkend_day,WED_STD_f_blue_num_scans_of_least_frequent_device_of_others_sem_ni_wkend_day,WED_STD_f_blue_num_scans_of_least_frequent_device_of_self_first_half_ni_wkend_day,WED_STD_f_blue_num_scans_of_least_frequent_device_of_self_second_half_ni_wkend_day,WED_STD_f_blue_num_scans_of_least_frequent_device_of_self_sem_ni_wkend_day,WED_STD_f_blue_num_scans_of_least_frequent_device_second_half_ni_wkend_day,WED_STD_f_blue_num_scans_of_least_frequent_device_sem_ni_wkend_day,WED_STD_f_blue_num_scans_of_most_frequent_device_first_half_ni_wkend_day,WED_STD_f_blue_num_scans_of_most_frequent_device_of_others_first_half_ni_wkend_day,WED_STD_f_blue_num_scans_of_most_frequent_device_of_others_second_half_ni_wkend_day,WED_STD_f_blue_num_scans_of_most_frequent_device_of_others_sem_ni_wkend_day,WED_STD_f_blue_num_scans_of_most_frequent_device_of_self_first_half_ni_wkend_day,WED_STD_f_blue_num_scans_of_most_frequent_device_of_self_second_half_ni_wkend_day,WED_STD_f_blue_num_scans_of_most_frequent_device_of_self_sem_ni_wkend_day,WED_STD_f_blue_num_scans_of_most_frequent_device_second_half_ni_wkend_day,WED_STD_f_blue_num_scans_of_most_frequent_device_sem_ni_wkend_day,WED_STD_f_blue_number_samples_bluetooth_first_half_ni_wkend_day,WED_STD_f_blue_number_samples_bluetooth_second_half_ni_wkend_day,WED_STD_f_blue_number_samples_bluetooth_sem_ni_wkend_day,WED_STD_f_blue_number_unique_devices_first_half_ni_wkend_day,WED_STD_f_blue_number_unique_devices_of_others_first_half_ni_wkend_day,WED_STD_f_blue_number_unique_devices_of_others_second_half_ni_wkend_day,WED_STD_f_blue_number_unique_devices_of_others_sem_ni_wkend_day,WED_STD_f_blue_number_unique_devices_of_self_first_half_ni_wkend_day,WED_STD_f_blue_number_unique_devices_of_self_second_half_ni_wkend_day,WED_STD_f_blue_number_unique_devices_of_self_sem_ni_wkend_day,WED_STD_f_blue_number_unique_devices_second_half_ni_wkend_day,WED_STD_f_blue_number_unique_devices_sem_ni_wkend_day,WED_STD_f_blue_std_num_scans_of_all_devices_of_others_first_half_ni_wkend_day,WED_STD_f_blue_std_num_scans_of_all_devices_of_others_second_half_ni_wkend_day,WED_STD_f_blue_std_num_scans_of_all_devices_of_others_sem_ni_wkend_day,WED_STD_f_blue_std_num_scans_of_all_devices_of_self_first_half_ni_wkend_day,WED_STD_f_blue_std_num_scans_of_all_devices_of_self_second_half_ni_wkend_day,WED_STD_f_blue_std_num_scans_of_all_devices_of_self_sem_ni_wkend_day,WED_STD_f_blue_sum_num_scans_of_all_devices_of_others_first_half_ni_wkend_day,WED_STD_f_blue_sum_num_scans_of_all_devices_of_others_second_half_ni_wkend_day,WED_STD_f_blue_sum_num_scans_of_all_devices_of_others_sem_ni_wkend_day,WED_STD_f_blue_sum_num_scans_of_all_devices_of_self_first_half_ni_wkend_day,WED_STD_f_blue_sum_num_scans_of_all_devices_of_self_second_half_ni_wkend_day,WED_STD_f_blue_sum_num_scans_of_all_devices_of_self_sem_ni_wkend_day
0d25f3b7-d43e-4ccf-a8ed-e1feb0aa40aa,,,,,,,,,,,,,,,,,,,,,,,,,,,,,,,,,,,,,,,,,,,,,,,,,,,,,,,,,,,,,,,,,,,,,,,,,,,,,,,,,,,,,,,,,,,,,,,,,1.50418,0.657489,1.29727,0.0,4.79583,4.51233,1.78885,1.78885,0.0,1.33333,0.0,4.79583,4.51233,0.0,1.33333,2.70185,2.70185,1.73205,2.44949,0.0,4.79583,4.51233,3.91578,3.31662,10.7703,5.97216,8.45248,3.83406,3.83406,1.1547,2.87228,0.0,0.5,0.5,0.957427,2.78388,,,,,,,10.7703,3.55903,8.52936,0.0,4.79583,4.51233,1.66458,0.975391,1.21784,0.0,5.37742,5.4292,1.73205,1.73205,1.0,1.25357,0.0,5.37742,5.4292,1.0,1.25357,1.52753,1.52753,0.957427,1.1547,0.0,5.37742,5.4292,4.5,4.39155,1.52753,4.32049,5.04739,1.52753,1.52753,2.44949,1.97605,0.0,0.5,0.534522,2.06155,1.86445,,,,,,,1.52753,2.5,1.97605,0.0,5.37742,5.4292,,,,,,,,,,,,,,,,,,,,,,,,,,,,,,,,,,,,,,,,,,,,,,,,,,,,,,,,,,,,,,,,,,,,,,,,,,,,,,,,,,,,,,,,,,,,,,,,,,,,,,,,,,,,,,,,,,,,,,,,,,,,,,,,,,,,,,,,,,,,,,,,
0d8b3688-0cba-4323-85fe-00f15785de38,,,,,,,,,,,,,,,,,,,,,,,,,,,,,,,,,,,,,,,,,,,,,,,,,,,,,,,,,,,,,,,,,,,,,,,,,,,,,,,,,,,,,,,,,,,,,,,,,10.4431,1.21868,6.71076,4.54606,3.98748,4.35762,10.5,10.5,0.547723,6.55235,4.54606,3.98748,4.35762,0.547723,6.55235,8.28654,10.2307,2.25832,6.99921,4.54606,3.98748,4.35762,3.50238,6.7363,15.5563,6.05805,13.5175,1.91485,1.5,1.32916,1.64655,0.5,0.547723,0.516398,1.75119,2.04396,,,,,,,18.9209,4.51664,13.5253,4.54606,3.98748,4.35762,1.03923,2.77128,2.57984,0.0,0.48795,0.421637,0.0,0.0,3.18479,2.75076,0.0,0.48795,0.421637,2.26779,1.89737,2.88675,2.88675,3.91578,3.82971,0.0,0.48795,0.421637,3.91578,3.82971,7.23418,4.70562,5.40473,2.08167,2.08167,2.79455,2.49444,0.0,0.48795,0.421637,2.63674,2.39444,,,,,,,7.23418,4.94734,5.50656,0.0,0.48795,0.421637,,,,,,,,,,,,,,,,,,,,,,,,,,,,,,,,,,,,,,,,,,,,,,,,,,,,,,,,,,,,,,,,,,,,,,,,,,,,,,,,,,,,,,,,,,,,,,,,,,,,,,,,,,,,,,,,,,,,,,,,,,,,,,,,,,,,,,,,,,,,,,,,
17c8318d-0d75-41a8-bfef-eb8c043db1fb,,,,,,,,,,,,,,,,,,,,,,,,,,,,,,,,,,,,,,,,,,,,,,,,,,,,,,,,,,,,,,,,,,,,,,,,,,,,,,,,,,,,,,,,,,,,,,,,,1.22031,1.08901,1.1403,1.41421,4.63321,3.56526,0.0,0.0,0.816497,0.632456,1.29099,3.03315,2.39444,2.73861,2.18327,1.41421,2.38048,1.63299,1.93218,1.73205,5.84523,4.4833,5.31664,4.04969,3.5,13.4611,10.3714,3.20156,1.89297,3.20936,2.63312,1.63299,1.36626,1.42984,2.71416,2.74874,,,,,,,3.20156,7.37564,5.83571,3.4641,14.2548,10.8607,2.30217,0.957427,1.87083,2.8441,4.04946,3.19287,1.73205,2.34521,0.57735,1.87083,1.78885,2.21736,1.87824,0.57735,1.30171,6.16441,2.28035,1.41421,1.93649,6.16441,7.41058,6.30476,6.89807,6.07134,7.98749,12.0692,9.35563,2.23607,1.14018,1.89297,1.424,1.14018,1.1547,1.09291,1.70783,1.93649,,,,,,,2.16795,3.86221,2.86259,6.34823,13.7931,9.68246,,,,,,,,,,,,,,,,,,,,,,,,,,,,,,,,,,,,,,,,,,,,,,,,,,,,,,,,,,,,,,,,,,,,,,,,,,,,,,,,,,,,,,,,,,,,,,,,,,,,,,,,,,,,,,,,,,,,,,,,,,,,,,,,,,,,,,,,,,,,,,,,
1973b69d-5fe7-4ff7-94bb-17d5d875499f,,,,,,,,,,,,,,,,,,,,,,,,,,,,,,,,,,,,,,,,,,,,,,,,,,,,,,,,,,,,,,,,,,,,,,,,,,,,,,,,,,,,,,,,,,,,,,,,,1.6064,3.83352,3.05296,0.0,6.84392,5.35601,0.408248,0.408248,3.62531,2.7586,0.0,6.84392,5.35601,4.75094,3.78618,4.57894,4.57894,4.8532,4.56937,0.0,6.84392,5.35601,6.18177,5.58107,12.1065,9.67231,10.4492,3.82971,3.82971,2.39046,2.95758,0.0,0.46291,0.363137,2.25198,2.89372,2.30468,2.16625,2.11259,0.0,0.0,0.0,12.1065,7.53563,9.32944,0.0,6.84392,5.35601,1.08972,1.2221,1.22836,0.0,5.25357,4.60977,1.73205,1.73205,0.752773,1.13039,0.0,5.25357,4.60977,0.816497,1.09291,1.0,1.0,2.42212,2.3863,0.0,5.25357,4.60977,4.16733,3.35824,2.64575,5.34478,4.42844,1.73205,1.73205,1.0328,1.45297,0.0,0.547723,0.5,0.983192,1.30171,0.353553,1.59928,1.26794,0.0,0.0,0.0,2.64575,3.97073,3.90868,0.0,5.25357,4.60977,,,,,,,,,,,,,,,,,,,,,,,,,,,,,,,,,,,,,,,,,,,,,,,,,,,,,,,,,,,,,,,,,,,,,,,,,,,,,,,,,,,,,,,,,,,,,,,,,,,,,,,,,,,,,,,,,,,,,,,,,,,,,,,,,,,,,,,,,,,,,,,,
1be1f081-12eb-4151-bee7-04f39b0ada17,,,,,,,,,,,,,,,,,,,,,,,,,,,,,,,,,,,,,,,,,,,,,,,,,,,,,,,,,,,,,,,,,,,,,,,,,,,,,,,,,,,,,,,,,,,,,,,,,1.1716,2.30963,1.92635,5.04989,4.8567,5.54563,0.0,0.0,1.09291,0.864438,4.91935,5.91608,5.82388,3.33333,2.67261,11.2161,5.26308,4.54911,4.61067,11.2161,6.5,8.15812,6.24722,8.0551,66.4342,36.5631,46.7425,31.5721,30.8432,11.5698,19.6358,1.22474,0.881917,1.00821,11.4782,20.0033,1.54028,1.71416,1.63093,6.5379,3.78724,4.56726,62.767,36.0813,45.1501,14.6014,22.0284,20.3487,0.205927,1.81639,1.5363,3.21306,8.6622,8.66496,0.0,0.0,2.12132,1.68184,3.52136,6.22495,5.32916,0.333333,0.258199,4.16733,4.88535,7.27056,6.22973,5.63619,10.1953,11.5503,10.1953,10.7517,54.946,49.2344,50.2293,24.4349,23.2264,16.83,21.0742,1.8619,1.48137,1.67616,17.0351,21.4083,0.501338,2.16831,1.63683,1.72528,5.44159,5.20843,44.9607,25.2444,35.2701,12.3935,35.8852,34.6719,,,,,,,,,,,,,,,,,,,,,,,,,,,,,,,,,,,,,,,,,,,,,,,,,,,,,,,,,,,,,,,,,,,,,,,,,,,,,,,,,,,,,,,,,,,,,,,,,,,,,,,,,,,,,,,,,,,,,,,,,,,,,,,,,,,,,,,,,,,,,,,,
1c67b4f0-964c-4aef-83a1-89a0248f80b3,,,,,,,,,,,,,,,,,,,,,,,,,,,,,,,,,,,,,,,,,,,,,,,,,,,,,,,,,,,,,,,,,,,,,,,,,,,,,,,,,,,,,,,,,,,,,,,,,2.90855,1.22105,2.22783,1.41421,4.42154,3.77455,1.34164,3.1305,0.707107,2.26323,1.41421,3.78153,3.23351,3.04959,2.28279,2.28035,3.11448,1.94936,2.55821,1.41421,5.44977,4.52647,5.19615,4.14193,6.05805,10.015,8.11104,2.58844,2.58844,2.96648,2.65832,0.0,0.547723,0.421637,3.34664,2.82843,1.06373,0.663798,0.80511,,,,6.14003,5.72713,5.76291,1.41421,8.04363,6.51835,1.42829,0.95219,1.19703,3.77492,6.80012,5.92195,0.0,1.5,0.516398,1.1005,3.77492,7.0993,5.96378,0.408248,0.316228,2.70801,1.5,1.47196,1.50555,3.77492,6.73548,6.06996,6.73548,5.61842,2.75379,9.42338,7.89163,1.73205,1.73205,2.09762,1.8738,0.0,0.547723,0.483046,2.16795,1.90029,0.516398,0.509904,0.475478,,,,2.82843,4.96655,4.06065,3.77492,6.97615,6.67416,,,,,,,,,,,,,,,,,,,,,,,,,,,,,,,,,,,,,,,,,,,,,,,,,,,,,,,,,,,,,,,,,,,,,,,,,,,,,,,,,,,,,,,,,,,,,,,,,,,,,,,,,,,,,,,,,,,,,,,,,,,,,,,,,,,,,,,,,,,,,,,,
1e6cee1a-1bce-45b5-9cef-eab3084a5187,,,,,,,,,,,,,,,,,,,,,,,,,,,,,,,,,,,,,,,,,,,,,,,,,,,,,,,,,,,,,,,,,,,,,,,,,,,,,,,,,,,,,,,,,,,,,,,,,2.09497,1.4597,1.64691,10.0487,1.0351,6.66904,0.447214,1.09545,1.48805,1.33012,0.547723,0.744024,0.759555,1.06904,0.869718,24.5601,4.15933,1.51186,2.68185,24.5601,1.3562,15.9611,1.50594,15.6385,35.4725,2.65922,24.2021,4.3589,2.48998,1.72689,2.06311,1.92354,0.744024,2.03495,1.41421,3.56263,1.80739,0.447214,1.34287,13.0284,0.632454,9.38585,6.22093,2.47487,4.27875,29.4075,2.03101,20.4986,0.5,4.99667,3.96653,1.29703,6.43234,5.04707,0.5,0.5,3.37145,2.71621,0.5,3.61478,2.91548,3.26599,2.5144,2.87228,0.5,6.62571,5.22388,2.87228,9.33095,7.38542,9.33095,7.38542,4.24264,22.6929,17.6033,2.62996,1.0,1.04881,1.1005,2.21736,0.752773,1.50555,0.816497,1.63639,0.0,2.82842,2.0,2.46311,4.63328,3.77993,1.0,10.0946,7.97566,4.20317,12.8944,10.0466,,,,,,,,,,,,,,,,,,,,,,,,,,,,,,,,,,,,,,,,,,,,,,,,,,,,,,,,,,,,,,,,,,,,,,,,,,,,,,,,,,,,,,,,,,,,,,,,,,,,,,,,,,,,,,,,,,,,,,,,,,,,,,,,,,,,,,,,,,,,,,,,
1e6e0199-be64-4525-9b86-ae0038022368,,,,,,,,,,,,,,,,,,,,,,,,,,,,,,,,,,,,,,,,,,,,,,,,,,,,,,,,,,,,,,,,,,,,,,,,,,,,,,,,,,,,,,,,,,,,,,,,,2.0,2.48998,2.54326,7.26407,8.60233,7.79219,5.12835,2.0,2.48998,2.40832,4.62241,9.0111,6.57267,2.54951,4.17786,10.02,2.0,2.60768,2.80584,10.02,9.95992,10.0182,8.08084,9.0604,31.6381,11.9248,26.4963,1.16905,0.516398,0.894427,0.94388,1.22474,0.83666,1.3484,1.34164,1.20605,,,,,,,2.0,3.84708,3.70012,32.0089,10.4499,27.6445,3.68556,2.40255,2.77567,9.29157,6.32456,6.89591,0.57735,0.57735,2.16795,1.72689,7.0,6.30872,6.06954,2.16795,1.72689,9.60902,7.57188,4.30116,5.26274,11.5902,6.46529,7.91811,1.48324,5.28981,18.7705,3.04959,10.3156,1.0,0.57735,0.707107,0.64087,0.57735,0.707107,0.64087,0.707107,0.755929,,,,,,,7.76745,7.79102,7.42582,19.6554,7.53658,12.2,,,,,,,,,,,,,,,,,,,,,,,,,,,,,,,,,,,,,,,,,,,,,,,,,,,,,,,,,,,,,,,,,,,,,,,,,,,,,,,,,,,,,,,,,,,,,,,,,,,,,,,,,,,,,,,,,,,,,,,,,,,,,,,,,,,,,,,,,,,,,,,,
209854a0-471d-42fa-856f-54b5d1948481,,,,,,,,,,,,,,,,,,,,,,,,,,,,,,,,,,,,,,,,,,,,,,,,,,,,,,,,,,,,,,,,,,,,,,,,,,,,,,,,,,,,,,,,,,,,,,,,,2.44987,0.600282,1.84497,14.4591,9.80816,12.1003,0.0,0.0,0.447214,0.301511,14.4591,9.80816,12.1003,0.447214,0.301511,12.7345,10.9255,2.58844,8.37963,14.4591,9.80816,12.1003,8.5557,10.5192,57.6452,20.9929,44.3865,7.60701,7.3598,6.79706,6.92558,0.547723,0.0,0.467099,6.79706,7.00519,3.86303,0.761178,2.98112,,,,44.8795,13.0882,35.4101,14.4591,9.80816,12.1003,0.620851,2.22987,1.7336,11.125,10.6737,10.4466,0.0,0.0,0.353553,0.267261,11.8996,10.6562,10.7522,0.353553,0.267261,9.03327,4.95648,6.86607,6.0787,11.8265,14.2572,12.8099,11.109,10.0419,20.9444,21.6857,20.5658,6.121,5.74166,6.04596,5.76271,0.983192,0.92582,0.916875,6.82302,6.3631,1.01631,1.88861,1.61151,,,,20.2978,14.3122,16.4492,13.0026,14.9188,13.6011,,,,,,,,,,,,,,,,,,,,,,,,,,,,,,,,,,,,,,,,,,,,,,,,,,,,,,,,,,,,,,,,,,,,,,,,,,,,,,,,,,,,,,,,,,,,,,,,,,,,,,,,,,,,,,,,,,,,,,,,,,,,,,,,,,,,,,,,,,,,,,,,
2cafda94-dca2-4401-ae3c-aa1bdf3ce6ca,,,,,,,,,,,,,,,,,,,,,,,,,,,,,,,,,,,,,,,,,,,,,,,,,,,,,,,,,,,,,,,,,,,,,,,,,,,,,,,,,,,,,,,,,,,,,,,,,0.738553,0.779168,0.72844,2.89099,2.81678,2.75962,0.0,0.0,0.0,0.0,0.894427,1.9518,1.557,0.0,0.0,6.89202,6.87023,7.84675,7.1239,5.1672,9.43146,7.82575,8.26064,7.43456,87.9898,65.1917,72.7266,24.3372,24.2693,18.519,20.5116,0.894427,2.21467,1.92865,20.2849,21.6268,1.19859,1.32708,1.21818,1.77561,3.75243,3.02044,75.8189,50.0248,60.0825,18.4581,17.951,17.3107,0.488104,1.51473,1.25356,1.78541,2.70347,2.5227,0.0,0.0,1.48805,1.24316,0.5,0.353553,0.492366,0.0,0.0,6.32456,6.32456,3.77728,6.51513,2.94392,6.04743,5.21071,5.31675,6.77507,42.9767,51.063,54.705,11.8462,12.6754,19.6232,17.3668,2.08167,1.68502,1.78164,20.8665,18.2032,1.05839,0.889195,1.47092,0.848835,2.2314,1.80066,34.6073,41.3226,44.5696,13.4412,13.4954,13.7408,,,,,,,,,,,,,,,,,,,,,,,,,,,,,,,,,,,,,,,,,,,,,,,,,,,,,,,,,,,,,,,,,,,,,,,,,,,,,,,,,,,,,,,,,,,,,,,,,,,,,,,,,,,,,,,,,,,,,,,,,,,,,,,,,,,,,,,,,,,,,,,,
318f91af-9b11-42f5-bdcd-7c9e35761da5,,,,,,,,,,,,,,,,,,,,,,,,,,,,,,,,,,,,,,,,,,,,,,,,,,,,,,,,,,,,,,,,,,,,,,,,,,,,,,,,,,,,,,,,,,,,,,,,,0.2357,1.30384,1.25988,0.0,3.56371,3.21455,0.0,0.0,1.30384,1.06904,0.0,3.56371,3.21455,3.36155,2.98408,0.0,0.0,1.30384,1.51186,0.0,3.56371,3.21455,3.11448,2.76026,2.12132,3.08221,4.52506,0.707107,0.707107,0.547723,1.1547,0.0,0.447214,0.377964,0.447214,1.21499,,,,,,,2.12132,1.30384,2.67261,0.0,3.56371,3.21455,2.70801,0.547723,1.85592,2.02073,2.5593,2.2793,2.5,2.70801,0.547723,1.85592,2.5,2.58844,2.4037,0.894427,1.69148,4.57347,2.70801,0.547723,1.85592,4.57347,2.54951,3.87298,2.28035,3.73423,8.09835,4.03733,6.2672,1.41421,0.816497,1.67332,1.30171,0.816497,0.83666,0.881917,1.81659,1.56347,,,,,,,2.62996,1.67332,2.04803,5.59762,2.91548,4.52155,,,,,,,,,,,,,,,,,,,,,,,,,,,,,,,,,,,,,,,,,,,,,,,,,,,,,,,,,,,,,,,,,,,,,,,,,,,,,,,,,,,,,,,,,,,,,,,,,,,,,,,,,,,,,,,,,,,,,,,,,,,,,,,,,,,,,,,,,,,,,,,,
31c395a9-0128-46df-a90c-73160f0854b4,,,,,,,,,,,,,,,,,,,,,,,,,,,,,,,,,,,,,,,,,,,,,,,,,,,,,,,,,,,,,,,,,,,,,,,,,,,,,,,,,,,,,,,,,,,,,,,,,2.79285,1.99051,2.21704,2.68328,4.01559,3.74166,2.79285,2.79285,1.85164,2.19265,2.68328,4.01559,3.74166,3.72012,3.28751,2.79285,2.79285,4.03556,3.63741,2.68328,4.01559,3.74166,3.4641,3.54459,2.34521,4.99821,5.10153,0.547723,0.83666,2.12132,1.77229,0.447214,0.353553,0.50637,1.95941,1.76141,,,,,,,2.58844,5.34522,4.63957,2.68328,4.01559,3.74166,1.37099,2.92159,2.3844,5.67891,3.4641,4.52267,1.0,1.0,1.25357,1.12006,5.67891,3.4641,4.52267,2.69921,2.21154,5.31507,3.86221,5.63999,4.85424,5.67891,3.4641,4.52267,5.46852,5.28807,6.0553,6.32456,6.43146,1.0,1.0,1.38013,1.26491,0.0,0.48795,0.522233,1.41421,1.4397,,,,,,,4.57347,5.94418,5.27946,5.67891,3.4641,4.52267,,,,,,,,,,,,,,,,,,,,,,,,,,,,,,,,,,,,,,,,,,,,,,,,,,,,,,,,,,,,,,,,,,,,,,,,,,,,,,,,,,,,,,,,,,,,,,,,,,,,,,,,,,,,,,,,,,,,,,,,,,,,,,,,,,,,,,,,,,,,,,,,
3258d5c4-4f3f-4722-966a-1bd619c9229f,,,,,,,,,,,,,,,,,,,,,,,,,,,,,,,,,,,,,,,,,,,,,,,,,,,,,,,,,,,,,,,,,,,,,,,,,,,,,,,,,,,,,,,,,,,,,,,,,1.24922,0.385496,0.605026,3.71231,2.90017,3.58669,0.0,0.0,0.0,0.0,0.0,0.0,0.0,0.0,0.0,15.5563,15.5563,4.91935,7.53721,9.19239,10.9864,13.6731,10.9864,12.9927,75.6604,47.9197,65.192,19.799,17.6777,6.26099,12.226,2.12132,3.63318,4.15761,4.41588,14.2929,2.93468,0.868838,1.39839,,,,58.6899,6.83374,28.4538,16.9706,46.0402,47.2153,0.308644,0.58671,0.673411,2.58221,2.15003,3.03701,0.0,0.0,0.0,0.0,0.0,0.0,0.0,0.0,0.0,10.8628,6.16441,2.58844,6.41179,11.6333,6.37966,11.8509,6.37966,11.2002,55.3955,36.6033,56.2008,18.0462,17.1148,13.3679,14.5297,1.70783,4.03733,3.51584,16.6823,16.9853,0.856919,1.0056,1.30281,,,,39.2715,19.9449,33.3279,16.9975,20.3838,25.525,,,,,,,,,,,,,,,,,,,,,,,,,,,,,,,,,,,,,,,,,,,,,,,,,,,,,,,,,,,,,,,,,,,,,,,,,,,,,,,,,,,,,,,,,,,,,,,,,,,,,,,,,,,,,,,,,,,,,,,,,,,,,,,,,,,,,,,,,,,,,,,,
32d4b802-7471-49bd-ad59-e663b0d98682,,,,,,,,,,,,,,,,,,,,,,,,,,,,,,,,,,,,,,,,,,,,,,,,,,,,,,,,,,,,,,,,,,,,,,,,,,,,,,,,,,,,,,,,,,,,,,,,,0.869227,0.881918,0.833333,6.78233,1.18145,5.82619,7.36206,0.547723,0.816497,0.666667,6.78233,0.57735,5.90433,0.5,5.61496,6.10737,1.30384,0.957427,1.09291,6.78233,1.89297,5.79032,1.25831,5.21483,5.6745,1.73205,5.31507,1.51658,1.34164,1.25831,1.22474,0.707107,0.957427,0.781736,0.816497,1.20185,,,,,,,2.0,2.16025,1.93649,6.57267,2.38048,5.89491,0.715542,0.75,0.683943,2.92404,0.5,2.51385,0.0,0.0,0.0,0.0,2.16795,0.5,1.87083,0.0,0.0,3.31662,1.78885,2.0,1.76383,3.78153,0.5,3.21887,2.0,2.848,14.6799,4.08248,11.4795,4.39318,3.64692,1.41421,2.848,1.0,1.0,0.971825,1.29099,3.39117,,,,,,,10.7564,4.3589,8.24621,5.97495,1.0,4.9357,,,,,,,,,,,,,,,,,,,,,,,,,,,,,,,,,,,,,,,,,,,,,,,,,,,,,,,,,,,,,,,,,,,,,,,,,,,,,,,,,,,,,,,,,,,,,,,,,,,,,,,,,,,,,,,,,,,,,,,,,,,,,,,,,,,,,,,,,,,,,,,,
36492618-666c-4b87-9770-bcb67d2ca3de,,,,,,,,,,,,,,,,,,,,,,,,,,,,,,,,,,,,,,,,,,,,,,,,,,,,,,,,,,,,,,,,,,,,,,,,,,,,,,,,,,,,,,,,,,,,,,,,,,1.45166,1.38625,,4.0093,4.26052,,,0.377964,0.353553,,1.61835,1.58114,1.51186,1.41421,,,7.97615,7.40535,,8.82906,9.11827,7.01699,7.90005,,59.2473,55.0662,,,13.9574,16.309,,1.9518,1.80772,15.4781,17.4745,,1.64309,1.57913,,4.66941,4.78468,,43.5726,40.4738,,25.318,24.8104,,2.53495,2.37147,,4.78669,4.4825,,,2.82843,2.66667,,2.13809,2.00693,2.12132,2.0,,,5.3033,5.0111,,9.30054,8.7892,8.21149,7.82624,,64.2238,66.0189,,,29.3157,29.2318,,2.81577,2.73861,28.4853,28.7793,,1.30294,1.26829,,4.01242,3.74232,,72.0972,70.1572,,35.4902,34.1581,,,,,,,,,,,,,,,,,,,,,,,,,,,,,,,,,,,,,,,,,,,,,,,,,,,,,,,,,,,,,,,,,,,,,,,,,,,,,,,,,,,,,,,,,,,,,,,,,,,,,,,,,,,,,,,,,,,,,,,,,,,,,,,,,,,,,,,,,,,,,,,,
3698dbcf-6b9e-4b00-a15a-f2cb26e6639d,,,,,,,,,,,,,,,,,,,,,,,,,,,,,,,,,,,,,,,,,,,,,,,,,,,,,,,,,,,,,,,,,,,,,,,,,,,,,,,,,,,,,,,,,,,,,,,,,3.44117,5.06865,4.13602,4.91596,5.84523,5.43557,4.14729,0.983192,2.33809,1.71226,4.91596,5.84523,5.43557,5.15429,4.56186,5.46809,6.65332,8.14248,7.08979,4.91596,5.84523,5.43557,6.51153,5.78595,8.37655,51.5497,37.3748,1.21106,1.67332,23.7887,16.6795,0.516398,0.516398,0.522233,23.4642,16.4986,3.37721,4.53796,3.73372,,,,10.4626,53.9926,38.6178,4.91596,5.84523,5.43557,4.56495,0.957427,3.72601,1.78885,4.65475,4.18662,0.83666,1.14018,0.957427,1.05409,1.78885,4.65475,4.18662,1.89297,1.32288,9.93982,10.3537,0.957427,8.5894,1.78885,4.65475,4.18662,4.65475,7.75851,33.7343,5.85235,25.5968,2.54951,2.70185,1.41421,2.50555,0.547723,0.0,0.5,1.41421,2.26078,4.14644,0.0,3.59921,,,,34.1936,1.5,26.7291,1.78885,4.65475,4.18662,,,,,,,,,,,,,,,,,,,,,,,,,,,,,,,,,,,,,,,,,,,,,,,,,,,,,,,,,,,,,,,,,,,,,,,,,,,,,,,,,,,,,,,,,,,,,,,,,,,,,,,,,,,,,,,,,,,,,,,,,,,,,,,,,,,,,,,,,,,,,,,,
395bf3f4-ec02-494f-8f45-30ab62eda8e7,,,,,,,,,,,,,,,,,,,,,,,,,,,,,,,,,,,,,,,,,,,,,,,,,,,,,,,,,,,,,,,,,,,,,,,,,,,,,,,,,,,,,,,,,,,,,,,,,1.26845,1.56085,1.41483,2.06155,4.66369,3.59563,1.91485,1.25831,0.0,0.834523,2.06155,4.11299,3.11677,0.0,1.48805,1.1547,2.06155,4.57347,3.54562,2.06155,5.67891,4.37526,4.79583,3.49489,3.59398,13.2288,11.4323,2.38048,2.21736,4.11299,3.45378,0.5,0.957427,0.755929,3.55903,3.37004,0.801228,2.62932,1.96797,,,,4.54606,8.61684,7.75403,2.06155,7.5,5.75078,2.09401,5.58271,4.38321,8.43801,3.6697,6.01362,1.30384,1.51658,5.78504,4.47214,8.0,3.6697,5.75247,5.17687,4.10764,8.26438,2.77489,5.44059,4.38178,8.87694,3.6697,6.27839,4.44597,6.10365,20.8734,5.45588,14.2816,3.28634,3.56371,0.816497,2.44949,0.83666,0.547723,0.6742,0.752773,2.3355,0.885105,1.0,0.886368,,,,8.45577,5.1672,6.52408,17.2974,3.6697,11.6533,,,,,,,,,,,,,,,,,,,,,,,,,,,,,,,,,,,,,,,,,,,,,,,,,,,,,,,,,,,,,,,,,,,,,,,,,,,,,,,,,,,,,,,,,,,,,,,,,,,,,,,,,,,,,,,,,,,,,,,,,,,,,,,,,,,,,,,,,,,,,,,,
3fa86602-fc33-4c6f-9b3e-2cebd95104ee,,,,,,,,,,,,,,,,,,,,,,,,,,,,,,,,,,,,,,,,,,,,,,,,,,,,,,,,,,,,,,,,,,,,,,,,,,,,,,,,,,,,,,,,,,,,,,,,,8.7178,4.06746,6.24397,3.30088,9.65845,8.58858,2.21736,2.06155,3.84831,3.21926,3.30404,6.75419,5.92376,4.05909,3.50325,13.5739,13.6991,8.45436,10.1989,3.31662,13.4022,11.8942,10.4038,11.4495,72.7599,26.9806,45.0551,2.62996,3.0,6.29437,5.17336,0.957427,0.95119,0.94388,5.58058,4.62798,,,,0.408248,6.37834,5.75663,74.6726,32.9364,49.3708,3.55903,19.474,17.3912,3.60555,4.8841,5.9849,2.3094,13.1975,10.5013,2.51661,3.60555,5.08593,6.41829,2.64575,11.1116,8.90849,8.98332,7.27056,3.51188,3.60555,5.68038,5.78312,3.51188,15.3286,12.3085,12.3072,9.89248,7.63763,37.3738,30.6422,0.0,0.0,11.1788,9.36008,0.0,0.983192,0.881917,10.4051,8.64741,,,,2.94392,3.2249,3.11104,3.60555,44.4462,36.0455,4.6188,26.5682,21.1411,,,,,,,,,,,,,,,,,,,,,,,,,,,,,,,,,,,,,,,,,,,,,,,,,,,,,,,,,,,,,,,,,,,,,,,,,,,,,,,,,,,,,,,,,,,,,,,,,,,,,,,,,,,,,,,,,,,,,,,,,,,,,,,,,,,,,,,,,,,,,,,,
3ff2b7eb-622c-4ae9-9d89-7d2af5430d34,,,,,,,,,,,,,,,,,,,,,,,,,,,,,,,,,,,,,,,,,,,,,,,,,,,,,,,,,,,,,,,,,,,,,,,,,,,,,,,,,,,,,,,,,,,,,,,,,7.0758,2.95705,5.88271,2.16795,3.63318,2.91392,6.76757,7.1624,1.36626,5.38685,2.16795,3.63318,2.91392,4.80625,6.32599,3.31662,8.30662,7.16705,7.72364,2.16795,3.63318,2.91392,4.13521,3.60807,14.9566,25.6203,20.4588,1.92354,1.92354,5.00666,4.15823,0.0,0.0,0.0,5.00666,4.15823,,,,,,,15.3786,23.0998,19.0392,2.16795,3.63318,2.91392,5.09238,3.03948,4.00805,8.75595,5.50757,7.10466,3.86221,5.18813,2.08167,3.87298,8.75595,5.50757,7.10466,2.08167,3.0,8.88819,8.18026,3.05505,6.1062,8.75595,5.50757,7.10466,4.93288,7.06433,20.3531,7.54983,15.3483,1.73205,1.73205,1.0,1.57359,0.0,0.0,0.0,1.0,1.57359,,,,,,,11.6154,9.2376,9.93071,8.75595,5.50757,7.10466,,,,,,,,,,,,,,,,,,,,,,,,,,,,,,,,,,,,,,,,,,,,,,,,,,,,,,,,,,,,,,,,,,,,,,,,,,,,,,,,,,,,,,,,,,,,,,,,,,,,,,,,,,,,,,,,,,,,,,,,,,,,,,,,,,,,,,,,,,,,,,,,
49b6c762-deaf-4cbf-8cb6-557ca65d395c,,,,,,,,,,,,,,,,,,,,,,,,,,,,,,,,,,,,,,,,,,,,,,,,,,,,,,,,,,,,,,,,,,,,,,,,,,,,,,,,,,,,,,,,,,,,,,,,,1.61322,6.22748,5.44711,12.5447,13.115,12.4365,0.0,0.0,0.534522,0.447214,7.57188,7.95972,7.59426,0.744024,0.64667,18.0093,17.3877,26.2512,23.8632,20.8806,24.5702,22.774,26.3408,24.2615,89.0019,100.388,94.5234,5.03322,3.51188,21.2027,17.8855,1.52753,0.707107,0.94388,21.7186,18.362,3.79197,6.18416,5.66139,9.56594,14.0456,12.4834,62.7402,72.1119,67.9541,29.9388,29.6211,28.3735,0.487892,28.0977,21.931,7.76075,17.07,16.9498,0.0,0.0,28.9856,22.4522,2.36291,7.41395,7.65652,2.44949,1.89737,11.7296,12.9711,23.7375,20.8297,13.5277,26.5462,26.6227,25.127,27.9889,42.8097,80.6616,81.5939,14.8857,15.3704,26.2196,21.4758,1.0,0.516398,0.816497,26.4424,21.5327,1.81239,2.59616,2.31195,8.25379,14.8876,14.0415,32.0455,61.8539,56.287,15.5215,29.8998,33.153,,,,,,,,,,,,,,,,,,,,,,,,,,,,,,,,,,,,,,,,,,,,,,,,,,,,,,,,,,,,,,,,,,,,,,,,,,,,,,,,,,,,,,,,,,,,,,,,,,,,,,,,,,,,,,,,,,,,,,,,,,,,,,,,,,,,,,,,,,,,,,,,
4de0beb1-cfa8-4410-809d-d05322b1a0c8,,,,,,,,,,,,,,,,,,,,,,,,,,,,,,,,,,,,,,,,,,,,,,,,,,,,,,,,,,,,,,,,,,,,,,,,,,,,,,,,,,,,,,,,,,,,,,,,,,0.516398,0.604219,,2.92689,2.70801,,,0.516398,0.48795,,2.92689,2.70801,0.83666,0.786796,,,0.516398,1.0,,2.92689,2.70801,2.73252,2.49762,,2.94392,2.87021,,,0.894427,1.1127,,0.632456,0.57735,0.894427,1.1127,,,,,,,,0.894427,1.71825,,2.80476,2.60951,0.957427,0.707107,0.866025,0.957427,4.81664,4.17665,0.57735,0.957427,0.447214,0.707107,0.957427,4.81664,4.17665,0.447214,0.5,0.57735,0.957427,1.30384,1.22474,0.957427,4.81664,4.17665,4.02492,3.65529,0.57735,5.85662,5.1908,0.0,0.57735,0.547723,0.707107,0.57735,0.547723,0.527046,1.0,0.881917,,,,,,,0.957427,1.64317,1.50923,0.957427,4.81664,4.17665,,,,,,,,,,,,,,,,,,,,,,,,,,,,,,,,,,,,,,,,,,,,,,,,,,,,,,,,,,,,,,,,,,,,,,,,,,,,,,,,,,,,,,,,,,,,,,,,,,,,,,,,,,,,,,,,,,,,,,,,,,,,,,,,,,,,,,,,,,,,,,,,
4e20289a-32ca-47be-a2c5-f0bd66ab9176,,,,,,,,,,,,,,,,,,,,,,,,,,,,,,,,,,,,,,,,,,,,,,,,,,,,,,,,,,,,,,,,,,,,,,,,,,,,,,,,,,,,,,,,,,,,,,,,,1.85581,0.447214,1.35653,3.0605,0.447214,2.34327,1.60208,1.87083,0.0,1.3484,3.0605,0.447214,2.34327,0.0,1.21356,2.73861,1.8619,0.894427,1.4397,3.0605,0.447214,2.34327,0.894427,2.09762,5.82237,2.54951,4.61027,3.0605,3.4641,2.60768,2.96034,0.752773,0.447214,0.687552,2.50998,2.68667,,,,,,,5.00999,2.68328,3.94508,3.03315,0.447214,2.35874,0.416667,0.530723,0.523945,6.23832,4.16733,4.82586,0.5,0.5,0.408248,0.471405,6.35085,4.16733,4.85455,0.816497,0.674949,5.96518,0.5,0.752773,0.699206,6.16441,4.16733,4.81779,3.77712,4.52278,6.18466,6.22093,6.16441,1.70783,0.957427,1.7224,1.41421,1.0,0.516398,0.816497,1.76068,1.76383,,,,,,,0.816497,2.50333,1.95505,6.39661,4.16733,5.08156,,,,,,,,,,,,,,,,,,,,,,,,,,,,,,,,,,,,,,,,,,,,,,,,,,,,,,,,,,,,,,,,,,,,,,,,,,,,,,,,,,,,,,,,,,,,,,,,,,,,,,,,,,,,,,,,,,,,,,,,,,,,,,,,,,,,,,,,,,,,,,,,
5a6686fd-5017-4c17-9dd4-4081d5448b7d,,,,,,,,,,,,,,,,,,,,,,,,,,,,,,,,,,,,,,,,,,,,,,,,,,,,,,,,,,,,,,,,,,,,,,,,,,,,,,,,,,,,,,,,,,,,,,,,,6.19644,5.74678,6.39095,4.34933,6.59951,6.42203,7.54983,7.54983,2.6959,5.27645,4.34933,6.59951,6.42203,5.42481,5.93653,4.34933,8.05709,7.0799,7.92388,4.34933,6.59951,6.42203,6.59951,6.42203,12.3659,62.5573,50.5197,0.5,0.5,4.86239,4.0104,0.0,0.0,0.0,4.86239,4.0104,,,,,,,8.3865,58.1181,47.1506,4.34933,6.59951,6.42203,2.64575,2.49532,2.43614,7.63217,3.76829,5.43395,1.41421,1.41421,0.0,1.01379,7.63217,3.76829,5.43395,0.0,1.01379,7.63217,10.4083,10.3296,9.88826,7.63217,3.76829,5.43395,5.68331,6.45712,20.502,117.636,91.7101,1.5,1.5,14.0428,11.2916,0.0,0.0,0.0,14.0428,11.2916,,,,,,,12.8938,116.199,89.9571,7.63217,3.76829,5.43395,,,,,,,,,,,,,,,,,,,,,,,,,,,,,,,,,,,,,,,,,,,,,,,,,,,,,,,,,,,,,,,,,,,,,,,,,,,,,,,,,,,,,,,,,,,,,,,,,,,,,,,,,,,,,,,,,,,,,,,,,,,,,,,,,,,,,,,,,,,,,,,,
5d02f383-d24c-4902-b728-1380c99105ee,,,,,,,,,,,,,,,,,,,,,,,,,,,,,,,,,,,,,,,,,,,,,,,,,,,,,,,,,,,,,,,,,,,,,,,,,,,,,,,,,,,,,,,,,,,,,,,,,1.85474,0.979252,1.30288,7.22842,3.38625,4.90011,7.0,0.5,0.408248,0.421637,7.22842,3.38625,4.90011,0.0,4.42719,9.84463,10.0333,2.07364,6.26188,7.22842,3.38625,4.90011,2.80476,6.67083,11.9164,11.3666,10.9626,3.20156,3.30404,6.03324,5.02107,0.57735,0.408248,0.483046,6.14546,5.11642,3.64193,0.777074,2.2771,,,,13.8173,8.40635,10.1593,7.22842,3.38625,4.90011,0.84332,4.15306,2.59613,9.48156,16.2353,11.8087,10.6536,0.516398,0.57735,0.600925,9.48156,4.04145,7.92324,0.57735,8.97373,8.89194,6.69328,8.5049,7.29345,9.48156,36.1156,21.9228,32.9292,20.7545,14.2267,43.0929,26.8887,11.5138,11.4891,5.56776,9.61769,0.408248,0.57735,0.5,6.1101,9.68246,1.25423,4.54828,2.87261,,,,18.3712,10.3923,15.4758,9.48156,37.2693,22.5499,,,,,,,,,,,,,,,,,,,,,,,,,,,,,,,,,,,,,,,,,,,,,,,,,,,,,,,,,,,,,,,,,,,,,,,,,,,,,,,,,,,,,,,,,,,,,,,,,,,,,,,,,,,,,,,,,,,,,,,,,,,,,,,,,,,,,,,,,,,,,,,,
64e25c38-ee68-4e06-8990-09ba71759cf1,,,,,,,,,,,,,,,,,,,,,,,,,,,,,,,,,,,,,,,,,,,,,,,,,,,,,,,,,,,,,,,,,,,,,,,,,,,,,,,,,,,,,,,,,,,,,,,,,1.52688,2.12939,1.94673,14.6349,6.06852,8.20181,0.0,0.0,2.33333,2.02073,16.1967,9.08448,10.3865,2.33333,2.02073,9.29157,21.5948,8.89444,15.0323,16.0104,4.62181,8.57189,4.14662,9.88878,50.7379,51.3736,53.5908,28.5715,27.4287,8.15646,15.0514,1.1547,1.22474,1.1547,9.18483,15.8478,3.28783,1.89439,2.83153,4.65193,3.6395,4.02697,62.9391,26.4407,40.1349,37.4032,26.9217,28.0631,1.39783,1.18177,1.2875,5.52268,6.10385,6.23627,0.0,0.5,1.33333,1.16575,2.87228,3.32081,3.18852,1.0,0.83205,8.18535,4.12311,10.1462,9.50978,8.18535,11.0905,11.0029,8.05364,10.1363,23.9096,49.2082,47.3248,4.69042,4.96655,20.6398,17.8832,1.41421,1.74005,1.60927,19.9485,17.2512,1.48613,2.50568,2.38069,4.10285,6.48552,6.22324,14.5144,53.6969,46.7019,10.247,20.168,18.8486,,,,,,,,,,,,,,,,,,,,,,,,,,,,,,,,,,,,,,,,,,,,,,,,,,,,,,,,,,,,,,,,,,,,,,,,,,,,,,,,,,,,,,,,,,,,,,,,,,,,,,,,,,,,,,,,,,,,,,,,,,,,,,,,,,,,,,,,,,,,,,,,
65e91776-4319-4b41-ae66-28db6473fc60,,,,,,,,,,,,,,,,,,,,,,,,,,,,,,,,,,,,,,,,,,,,,,,,,,,,,,,,,,,,,,,,,,,,,,,,,,,,,,,,,,,,,,,,,,,,,,,,,2.00236,9.47609,7.51727,6.06218,9.37067,8.10365,8.5,0.5,9.5194,7.60861,6.65207,9.39605,8.1909,9.39351,8.64239,5.25198,3.86221,9.39858,7.60741,5.67891,9.32483,8.08028,9.32483,8.05549,17.0098,18.43,18.0902,4.34933,3.86221,1.60357,2.65946,0.57735,0.755929,0.6742,1.82574,2.99393,1.45213,0.894425,1.19043,,,,14.4799,9.37067,11.2614,5.91608,9.19109,8.27592,1.25,5.55465,4.47896,0.957426,10.9805,9.41142,0.57735,1.5,1.58114,1.65831,0.57735,10.9805,9.51076,5.97465,4.88892,1.29099,0.816497,10.8554,8.7191,2.21736,10.9805,9.35617,10.8331,8.97809,11.3871,32.3085,26.5825,5.06623,4.08248,1.88509,2.81096,1.0,0.353553,0.668558,1.98206,3.3665,0.185271,7.79131,6.14386,,,,7.63217,22.5733,18.4432,4.19325,10.9805,9.39173,,,,,,,,,,,,,,,,,,,,,,,,,,,,,,,,,,,,,,,,,,,,,,,,,,,,,,,,,,,,,,,,,,,,,,,,,,,,,,,,,,,,,,,,,,,,,,,,,,,,,,,,,,,,,,,,,,,,,,,,,,,,,,,,,,,,,,,,,,,,,,,,
65f4b507-b48a-416d-ac1f-2678e3f954d8,,,,,,,,,,,,,,,,,,,,,,,,,,,,,,,,,,,,,,,,,,,,,,,,,,,,,,,,,,,,,,,,,,,,,,,,,,,,,,,,,,,,,,,,,,,,,,,,,0.57735,1.12905,1.06562,2.75379,2.76403,2.61526,2.08167,0.57735,0.48795,0.516398,1.52753,1.46385,1.50923,0.755929,1.33749,3.78594,0.57735,2.1157,1.95505,3.78594,3.98808,3.71782,3.77964,3.56682,5.50757,16.3678,14.1582,1.1547,0.57735,3.57904,3.23351,1.52753,1.38013,1.33749,3.73529,3.3731,0.0,0.731277,0.690908,1.79289,1.64621,1.57134,0.57735,10.4312,9.13418,6.02771,10.0475,8.70249,1.22701,1.58361,1.51741,0.491597,4.0,2.91251,0.0,0.447214,0.547723,0.632456,0.0,0.894427,0.948683,0.894427,0.674949,2.38747,2.70185,2.60768,2.71621,1.22474,6.20484,4.34614,6.20484,4.45222,5.38516,30.32,21.119,1.14018,0.83666,4.38178,3.06413,0.547723,1.30384,0.966092,4.82701,3.3483,1.06723,0.730905,1.26746,0.565876,3.23179,1.81992,4.74342,12.6689,9.15605,2.12132,18.2291,12.6912,,,,,,,,,,,,,,,,,,,,,,,,,,,,,,,,,,,,,,,,,,,,,,,,,,,,,,,,,,,,,,,,,,,,,,,,,,,,,,,,,,,,,,,,,,,,,,,,,,,,,,,,,,,,,,,,,,,,,,,,,,,,,,,,,,,,,,,,,,,,,,,,
699a92cf-42b7-4a29-bd1b-edf43d06dd54,,,,,,,,,,,,,,,,,,,,,,,,,,,,,,,,,,,,,,,,,,,,,,,,,,,,,,,,,,,,,,,,,,,,,,,,,,,,,,,,,,,,,,,,,,,,,,,,,40.9469,2.2981,22.3253,9.71253,104.816,128.135,11.547,0.57735,1.06066,0.934199,9.71253,104.816,128.135,123.92,132.951,157.462,166.962,3.53553,89.7486,9.71253,104.816,128.135,104.816,122.659,288.469,106.339,156.939,3.51188,3.51188,0.707107,2.21154,0.0,0.0,0.0,0.707107,2.21154,59.1598,1.75,32.3044,,,,295.312,4.59619,157.037,9.71253,104.816,128.135,12.1364,0.0,8.80787,14.4499,102.642,139.373,10.0995,0.547723,0.0,0.438529,14.4499,102.642,139.373,102.642,141.511,147.217,151.245,0.0,100.238,14.4499,102.642,139.373,102.642,134.524,396.222,102.642,242.362,15.8019,15.9593,0.0,11.3832,0.547723,0.0,0.375534,0.0,11.1912,28.8999,0.0,20.1472,,,,399.862,0.0,265.512,14.4499,102.642,139.373,,,,,,,,,,,,,,,,,,,,,,,,,,,,,,,,,,,,,,,,,,,,,,,,,,,,,,,,,,,,,,,,,,,,,,,,,,,,,,,,,,,,,,,,,,,,,,,,,,,,,,,,,,,,,,,,,,,,,,,,,,,,,,,,,,,,,,,,,,,,,,,,
6afbdb8a-a1cf-4248-852a-24e56ee5766a,,,,,,,,,,,,,,,,,,,,,,,,,,,,,,,,,,,,,,,,,,,,,,,,,,,,,,,,,,,,,,,,,,,,,,,,,,,,,,,,,,,,,,,,,,,,,,,,,0.547723,0.989075,0.804949,2.33452,0.48795,1.62544,0.547723,0.547723,0.377964,0.452267,1.94936,0.48795,1.3568,0.0,0.389249,2.0,0.547723,2.21467,1.72986,2.82843,0.48795,1.95402,2.21467,2.06522,4.32435,13.5365,10.6373,1.64317,0.894427,8.86405,6.90191,0.894427,0.48795,0.668558,9.14695,7.1026,,,,,,,1.30384,13.3773,10.5869,3.97492,0.48795,2.70101,0.838872,1.29088,1.10466,2.64575,11.1071,8.99228,1.0,1.0,0.408248,0.726483,2.0,11.1071,9.04311,0.408248,0.726483,3.05505,0.57735,9.28798,7.61577,4.0,11.1071,9.05232,10.469,8.49673,6.02771,51.8977,43.1696,2.08167,1.1547,10.0681,8.8176,1.0,0.816497,0.833333,10.3037,8.95979,,,,,,,1.0,41.4701,35.0611,5.03322,11.0272,9.09823,,,,,,,,,,,,,,,,,,,,,,,,,,,,,,,,,,,,,,,,,,,,,,,,,,,,,,,,,,,,,,,,,,,,,,,,,,,,,,,,,,,,,,,,,,,,,,,,,,,,,,,,,,,,,,,,,,,,,,,,,,,,,,,,,,,,,,,,,,,,,,,,
6d73aa4b-1be4-426b-8d6b-c811bd2170fa,,,,,,,,,,,,,,,,,,,,,,,,,,,,,,,,,,,,,,,,,,,,,,,,,,,,,,,,,,,,,,,,,,,,,,,,,,,,,,,,,,,,,,,,,,,,,,,,,0.839279,0.893695,0.994819,13.0144,16.1798,14.3574,0.0,0.0,0.0,0.0,12.7083,15.7767,14.016,0.0,0.0,13.3229,9.20326,8.35521,8.68079,13.3229,16.6218,14.7245,11.3095,11.6229,46.7065,57.8269,51.4964,13.2212,13.2212,10.8123,11.3043,0.0,0.9759,0.778499,10.7504,11.2936,2.27623,1.35634,1.81437,0.499999,1.27242,0.992394,24.3516,37.5449,32.5167,26.0288,32.3596,28.7149,1.03882,13.3958,10.0476,5.44748,11.1194,10.4716,0.0,0.0,14.2887,10.5529,5.41295,10.9072,10.337,14.2887,10.5529,5.24404,6.22093,12.7083,9.81094,5.49545,11.3431,10.6156,12.3288,9.45804,33.7313,48.0434,44.4283,6.05805,6.05805,21.4235,15.7913,0.0,1.09545,0.934199,21.3861,15.8499,1.39699,3.16528,2.3256,0.387298,0.591607,0.486172,30.2952,32.668,30.8409,10.895,22.2389,20.9432,,,,,,,,,,,,,,,,,,,,,,,,,,,,,,,,,,,,,,,,,,,,,,,,,,,,,,,,,,,,,,,,,,,,,,,,,,,,,,,,,,,,,,,,,,,,,,,,,,,,,,,,,,,,,,,,,,,,,,,,,,,,,,,,,,,,,,,,,,,,,,,,
6e12238e-2105-4bd3-be42-9b2ce1bf4946,,,,,,,,,,,,,,,,,,,,,,,,,,,,,,,,,,,,,,,,,,,,,,,,,,,,,,,,,,,,,,,,,,,,,,,,,,,,,,,,,,,,,,,,,,,,,,,,,1.48259,0.88087,1.12358,5.74254,3.76558,4.90837,0.0,0.0,0.0,0.0,0.447214,0.0,0.288675,0.0,0.0,8.31865,5.54076,9.91151,8.37565,16.3463,8.43462,12.1963,8.43462,8.18119,91.117,82.9859,93.3715,16.9352,13.1225,12.6736,15.1305,4.08656,1.57359,2.85509,12.7765,16.9677,2.31613,1.6207,1.84369,6.42286,3.06951,4.72814,47.5268,48.3036,52.7903,51.9009,41.2218,47.1351,4.00276,1.29667,2.75129,5.38202,5.58504,6.04516,0.0,0.0,0.707107,0.534522,0.516398,0.886405,0.784465,0.707107,0.534522,12.4325,9.7091,11.0454,10.0984,17.7426,12.3722,15.2963,9.64735,10.7287,97.6811,84.4333,92.6985,21.6764,17.2791,16.7758,17.6991,4.67974,3.84522,4.14636,20.0838,21.3989,4.28429,1.60595,3.06377,6.84869,4.98962,5.98783,49.2531,45.0135,46.7044,50.9496,42.835,49.0127,,,,,,,,,,,,,,,,,,,,,,,,,,,,,,,,,,,,,,,,,,,,,,,,,,,,,,,,,,,,,,,,,,,,,,,,,,,,,,,,,,,,,,,,,,,,,,,,,,,,,,,,,,,,,,,,,,,,,,,,,,,,,,,,,,,,,,,,,,,,,,,,
6fb4842f-8beb-4539-8b18-e21d89d3254e,,,,,,,,,,,,,,,,,,,,,,,,,,,,,,,,,,,,,,,,,,,,,,,,,,,,,,,,,,,,,,,,,,,,,,,,,,,,,,,,,,,,,,,,,,,,,,,,,1.41421,4.87586,4.25246,1.41421,9.97855,9.01542,0.707107,2.12132,4.99047,4.38748,1.41421,9.97855,9.01542,4.84522,4.26549,0.0,0.0,4.96655,4.30116,1.41421,9.97855,9.01542,9.29926,8.23104,2.82843,13.7771,12.1861,2.12132,2.82843,3.10913,2.87228,0.707107,0.534522,0.527046,2.82,2.55495,,1.16421,1.06648,,,,4.24264,5.44234,4.95255,1.41421,9.97855,9.01542,0.320172,1.21757,1.0036,2.77489,2.76026,2.64432,0.447214,0.447214,0.534522,0.57735,2.77489,2.76026,2.64432,1.52753,1.23091,1.92354,1.51658,1.81265,1.87487,2.77489,2.76026,2.64432,2.0702,1.95982,9.41807,14.8629,12.4608,3.20936,3.27109,4.41318,3.93893,0.447214,0.534522,0.492366,4.31498,3.89249,0.510332,0.635597,0.669072,,,,7.77817,13.1873,10.9,2.77489,2.76026,2.64432,,,,,,,,,,,,,,,,,,,,,,,,,,,,,,,,,,,,,,,,,,,,,,,,,,,,,,,,,,,,,,,,,,,,,,,,,,,,,,,,,,,,,,,,,,,,,,,,,,,,,,,,,,,,,,,,,,,,,,,,,,,,,,,,,,,,,,,,,,,,,,,,
7230d0d5-fab8-4462-9952-69aee6866b04,,,,,,,,,,,,,,,,,,,,,,,,,,,,,,,,,,,,,,,,,,,,,,,,,,,,,,,,,,,,,,,,,,,,,,,,,,,,,,,,,,,,,,,,,,,,,,,,,3.1225,1.53899,2.4321,5.09902,0.5,4.89331,5.61249,1.67332,0.816497,1.30171,5.68331,0.5,4.91878,0.5,4.23609,4.96991,5.12835,3.0957,4.11636,4.82701,0.5,5.09357,2.82843,4.96935,10.0648,12.2848,10.7057,1.81659,1.30384,3.55903,2.54951,0.547723,0.5,0.781736,3.30404,2.42097,,,,,,,9.09395,12.5167,10.1132,4.76445,0.5,5.38516,0.965553,1.82574,1.37216,0.97539,5.85235,3.92382,0.0,1.0,1.82574,1.38873,0.57735,5.85235,3.96187,5.19615,3.88219,2.16025,0.957427,1.82574,1.3562,2.16025,5.85235,4.08613,4.83046,3.62531,4.93288,4.43471,4.47214,1.70783,1.5,0.816497,1.18773,0.816497,0.57735,1.0351,0.57735,1.68502,,,,,,,1.91485,1.70783,1.68502,3.74166,5.85235,4.64258,,,,,,,,,,,,,,,,,,,,,,,,,,,,,,,,,,,,,,,,,,,,,,,,,,,,,,,,,,,,,,,,,,,,,,,,,,,,,,,,,,,,,,,,,,,,,,,,,,,,,,,,,,,,,,,,,,,,,,,,,,,,,,,,,,,,,,,,,,,,,,,,
785e9e8e-4ab0-4686-a95e-a25c6c2e2eee,,,,,,,,,,,,,,,,,,,,,,,,,,,,,,,,,,,,,,,,,,,,,,,,,,,,,,,,,,,,,,,,,,,,,,,,,,,,,,,,,,,,,,,,,,,,,,,,,8.73129,0.987434,4.70296,19.0209,4.39869,11.2676,0.0,0.0,0.0,0.0,0.0,0.377964,0.316228,0.0,0.0,48.6861,16.773,4.59814,9.02158,48.6861,7.88307,28.1008,6.96248,27.6839,1620.4,36.4025,886.379,65.6836,53.507,14.4651,31.5568,13.3167,1.77281,7.1717,14.2461,37.651,6.90282,1.36279,3.66283,10.3363,3.32613,6.69154,1048.86,26.498,573.563,571.546,23.8747,313.333,0.687694,0.646728,0.650485,3.44438,4.38613,3.85397,0.0,0.0,0.0,0.0,1.32916,0.534522,0.960769,0.0,0.0,6.33772,6.47302,4.18045,5.45612,6.37966,9.78823,8.16967,9.64365,8.19709,49.3545,45.4119,46.5331,16.3636,15.7184,10.0475,12.6653,1.16905,1.49603,1.32045,9.87782,12.9862,1.31445,1.05668,1.18443,3.88353,4.50266,4.03339,49.9697,26.0503,38.5109,11.7714,23.8727,18.5272,,,,,,,,,,,,,,,,,,,,,,,,,,,,,,,,,,,,,,,,,,,,,,,,,,,,,,,,,,,,,,,,,,,,,,,,,,,,,,,,,,,,,,,,,,,,,,,,,,,,,,,,,,,,,,,,,,,,,,,,,,,,,,,,,,,,,,,,,,,,,,,,
81443789-41c5-4277-9bbb-55336120c0c9,,,,,,,,,,,,,,,,,,,,,,,,,,,,,,,,,,,,,,,,,,,,,,,,,,,,,,,,,,,,,,,,,,,,,,,,,,,,,,,,,,,,,,,,,,,,,,,,,0.989949,1.42127,1.30494,0.707107,5.43599,4.59943,0.0,0.707107,0.707107,0.690066,0.707107,1.41421,1.21499,0.894427,0.786796,1.41421,2.12132,3.56371,3.14718,0.707107,9.65401,8.16205,8.61974,7.57188,4.24264,8.68907,8.52168,2.82843,3.53553,2.16795,2.37045,0.707107,0.894427,0.786796,1.34164,1.73205,,,,,,,4.94975,7.0214,6.3994,0.707107,10.9909,9.29157,5.9595,3.14718,4.1304,1.0,2.73644,2.28334,6.0,6.0,3.13202,4.1909,1.0,2.56348,2.149,3.25869,4.15386,5.68624,5.85235,3.54562,4.24906,1.0,2.91139,2.41962,3.13202,3.95198,4.99166,5.1455,4.85424,2.06155,1.73205,1.06904,1.43337,0.5,0.755929,0.687552,0.899735,1.4013,,,,,,,5.12348,4.78589,4.70783,1.0,5.45981,4.42719,,,,,,,,,,,,,,,,,,,,,,,,,,,,,,,,,,,,,,,,,,,,,,,,,,,,,,,,,,,,,,,,,,,,,,,,,,,,,,,,,,,,,,,,,,,,,,,,,,,,,,,,,,,,,,,,,,,,,,,,,,,,,,,,,,,,,,,,,,,,,,,,
848429d2-612d-4b1c-82ff-e51dc40d3d07,,,,,,,,,,,,,,,,,,,,,,,,,,,,,,,,,,,,,,,,,,,,,,,,,,,,,,,,,,,,,,,,,,,,,,,,,,,,,,,,,,,,,,,,,,,,,,,,,0.822146,1.99992,1.57687,0.763763,9.64355,7.80073,0.0,0.0,0.447214,0.353553,0.57735,6.50385,5.33017,0.0,0.0,1.0,1.0,5.63028,4.29077,1.0,14.3979,11.5504,13.5831,10.6024,4.72582,67.3535,53.0443,3.0,2.0,3.80789,3.0706,1.0,1.92354,1.60357,5.31037,4.34248,,,,,,,3.21455,17.4442,13.4801,1.52753,50.7178,40.3199,4.47214,0.875753,3.30448,0.447214,1.89297,1.32288,4.47214,4.47214,0.0,3.33333,0.447214,1.89297,1.32288,0.0,3.33333,4.47214,4.47214,1.41421,3.32081,0.447214,1.89297,1.32288,1.41421,3.32081,4.38178,7.4162,5.94652,0.447214,0.0,2.21736,1.98606,0.447214,0.57735,0.5,2.36291,2.18581,,,,,,,4.47214,5.7373,5.0277,0.447214,1.89297,1.32288,,,,,,,,,,,,,,,,,,,,,,,,,,,,,,,,,,,,,,,,,,,,,,,,,,,,,,,,,,,,,,,,,,,,,,,,,,,,,,,,,,,,,,,,,,,,,,,,,,,,,,,,,,,,,,,,,,,,,,,,,,,,,,,,,,,,,,,,,,,,,,,,
876f9317-9823-4ecb-9290-1b1cbd2ded3c,,,,,,,,,,,,,,,,,,,,,,,,,,,,,,,,,,,,,,,,,,,,,,,,,,,,,,,,,,,,,,,,,,,,,,,,,,,,,,,,,,,,,,,,,,,,,,,,,1.26984,0.525991,1.5843,8.66538,3.48808,6.55055,9.8387,0.547723,1.0,0.866025,9.44458,3.94757,7.12,1.0,7.28011,7.93725,2.16795,1.63299,2.48886,7.93725,3.40343,6.22718,2.08167,5.90433,7.79102,11.7011,9.56701,2.54951,1.78885,2.38048,2.12786,0.83666,0.57735,0.781736,2.58199,2.45515,1.22985,1.52866,1.52495,,,,3.27109,9.21502,7.90745,7.23187,5.35413,6.36396,3.38889,2.71365,2.79629,5.34374,7.46779,6.58006,0.0,0.0,0.353553,0.288675,4.16333,7.36667,6.37407,2.12132,1.73205,7.80491,9.74252,7.00892,7.56587,8.0829,7.65203,7.53326,6.28916,6.4667,19.9729,14.5154,15.6118,2.64575,2.87228,6.98468,5.79119,0.957427,0.707107,0.792961,6.39196,5.28864,5.59476,3.00718,3.78157,,,,10.5987,12.6689,11.5758,13.7689,10.8422,11.4296,,,,,,,,,,,,,,,,,,,,,,,,,,,,,,,,,,,,,,,,,,,,,,,,,,,,,,,,,,,,,,,,,,,,,,,,,,,,,,,,,,,,,,,,,,,,,,,,,,,,,,,,,,,,,,,,,,,,,,,,,,,,,,,,,,,,,,,,,,,,,,,,
924b4f99-c800-4f5f-9159-8b47a317ef34,,,,,,,,,,,,,,,,,,,,,,,,,,,,,,,,,,,,,,,,,,,,,,,,,,,,,,,,,,,,,,,,,,,,,,,,,,,,,,,,,,,,,,,,,,,,,,,,,0.641872,1.41421,0.795224,1.64317,4.24264,2.30481,0.0,0.547723,1.41421,0.755929,2.19089,3.53553,2.29907,2.12132,1.49603,3.96232,0.83666,1.41421,0.899735,3.96232,4.94975,4.35343,3.53553,3.89138,3.50714,7.07107,5.12696,2.60768,2.07364,0.707107,1.79947,1.09545,1.41421,1.38013,0.707107,2.57275,,,,,,,2.91548,1.41421,2.49762,4.61519,8.48528,5.75698,0.57735,0.779363,0.734931,2.75379,2.87518,2.76134,0.57735,0.57735,0.516398,0.527046,3.21455,2.87518,2.82843,0.408248,0.440959,2.51661,0.57735,1.16905,1.05409,2.51661,2.87518,2.78388,2.73252,2.63523,3.0,4.36654,3.76755,0.57735,0.57735,1.21106,1.11803,0.57735,0.752773,0.666667,1.3784,1.20185,,,,,,,0.57735,1.83485,1.65831,2.51661,2.85774,2.74368,,,,,,,,,,,,,,,,,,,,,,,,,,,,,,,,,,,,,,,,,,,,,,,,,,,,,,,,,,,,,,,,,,,,,,,,,,,,,,,,,,,,,,,,,,,,,,,,,,,,,,,,,,,,,,,,,,,,,,,,,,,,,,,,,,,,,,,,,,,,,,,,
94aac48e-7cbb-4a8c-b47a-052d28eefa5a,,,,,,,,,,,,,,,,,,,,,,,,,,,,,,,,,,,,,,,,,,,,,,,,,,,,,,,,,,,,,,,,,,,,,,,,,,,,,,,,,,,,,,,,,,,,,,,,,1.60078,1.93793,1.69353,0.0,1.11803,2.00693,0.0,0.0,1.64317,1.16667,0.0,1.58114,1.93649,1.78885,1.58114,4.85627,4.85627,2.88097,3.67423,0.0,1.58114,2.3863,0.83666,3.12694,5.74456,3.34664,4.58258,0.957427,0.957427,1.30384,1.13039,0.0,0.447214,0.707107,1.34164,1.16667,,,,,,,5.74456,4.50555,4.7697,0.0,1.92354,2.59808,1.02632,1.59426,1.38514,0.57735,5.39444,5.27046,1.1547,1.1547,0.752773,0.927961,0.57735,5.91326,5.43139,3.14112,2.59808,3.60555,3.60555,2.66458,2.87228,0.57735,4.95648,5.43139,4.62241,4.57651,5.19615,8.53229,8.26136,2.0,2.08167,1.83485,1.83333,0.57735,1.21106,1.20185,2.07364,1.93649,,,,,,,5.50757,7.91623,6.83943,0.57735,5.1251,5.81903,,,,,,,,,,,,,,,,,,,,,,,,,,,,,,,,,,,,,,,,,,,,,,,,,,,,,,,,,,,,,,,,,,,,,,,,,,,,,,,,,,,,,,,,,,,,,,,,,,,,,,,,,,,,,,,,,,,,,,,,,,,,,,,,,,,,,,,,,,,,,,,,
94c99ead-4f3e-4c68-8f51-08af25c64920,,,,,,,,,,,,,,,,,,,,,,,,,,,,,,,,,,,,,,,,,,,,,,,,,,,,,,,,,,,,,,,,,,,,,,,,,,,,,,,,,,,,,,,,,,,,,,,,,2.46221,1.51658,1.92029,5.61805,2.28035,3.86311,2.36291,1.25831,0.894427,1.05409,3.0,2.0,2.33333,2.34521,2.20479,7.87401,3.69685,2.16795,2.81859,8.26136,3.57771,5.89491,3.57771,5.73246,12.9968,6.76757,9.63212,0.957427,1.70783,1.09545,1.39443,1.0,0.0,0.666667,1.09545,1.0,2.04124,0.948683,1.36277,3.75832,2.52982,3.21671,4.96655,3.03315,3.89801,11.2361,4.5607,7.72622,1.12546,0.920447,0.989848,6.12917,2.44949,4.60583,2.04124,0.516398,0.447214,0.467099,5.32916,1.78885,3.95658,1.34164,1.67874,8.28654,2.99444,1.48324,2.32379,8.28654,3.76829,6.32599,3.76829,6.32599,12.2638,7.59605,9.95809,1.54919,1.51658,1.48324,1.47093,0.547723,0.447214,0.504525,1.87083,1.69491,1.39304,0.868937,1.10599,4.70814,0.816495,2.91547,4.53505,2.50998,3.58532,10.2062,6.26099,8.26273,,,,,,,,,,,,,,,,,,,,,,,,,,,,,,,,,,,,,,,,,,,,,,,,,,,,,,,,,,,,,,,,,,,,,,,,,,,,,,,,,,,,,,,,,,,,,,,,,,,,,,,,,,,,,,,,,,,,,,,,,,,,,,,,,,,,,,,,,,,,,,,,
95940265-9599-4ab5-bccf-b7d64e75f3f6,,,,,,,,,,,,,,,,,,,,,,,,,,,,,,,,,,,,,,,,,,,,,,,,,,,,,,,,,,,,,,,,,,,,,,,,,,,,,,,,,,,,,,,,,,,,,,,,,0.881918,1.38354,1.15009,0.875,3.57362,3.31126,0.957427,0.957427,0.983192,0.966092,0.5,2.40139,2.06559,2.04124,1.63299,0.816497,0.816497,2.71416,2.12132,1.0,5.1251,4.59952,4.71876,4.02216,4.3589,27.8783,22.5989,2.87228,0.957427,3.2249,2.54951,2.0,2.68328,2.36643,5.76194,4.7481,,,,,,,0.957427,11.4091,8.96908,3.5,16.6903,13.842,0.707107,6.85341,5.74819,0.0,7.29583,5.81163,1.41421,0.707107,7.0,5.81091,1.41421,7.04746,5.78504,7.0,5.60952,1.41421,0.707107,6.55108,5.64506,1.41421,7.54431,5.94699,7.39369,5.85377,4.24264,21.36,17.4747,2.82843,2.12132,1.89297,1.78885,0.707107,0.5,0.516398,1.73205,1.8619,,,,,,,2.12132,6.19139,5.52871,2.12132,15.5215,12.3612,,,,,,,,,,,,,,,,,,,,,,,,,,,,,,,,,,,,,,,,,,,,,,,,,,,,,,,,,,,,,,,,,,,,,,,,,,,,,,,,,,,,,,,,,,,,,,,,,,,,,,,,,,,,,,,,,,,,,,,,,,,,,,,,,,,,,,,,,,,,,,,,
9bb46002-6fdb-4287-bfd3-bc3e2e57785f,,,,,,,,,,,,,,,,,,,,,,,,,,,,,,,,,,,,,,,,,,,,,,,,,,,,,,,,,,,,,,,,,,,,,,,,,,,,,,,,,,,,,,,,,,,,,,,,,9.93433,1.5888,6.99699,46.8875,6.07689,28.647,0.57735,0.57735,0.0,0.353553,0.57735,0.547723,0.517549,0.0,0.353553,209.214,39.3234,13.2023,24.2119,220.16,15.3948,131.32,13.4462,128.005,645.644,55.9258,365.464,18.5023,16.4621,24.4602,25.5116,2.08167,1.09545,1.77281,23.5733,26.1093,12.8917,2.88829,8.31208,79.3492,5.347,47.9136,299.11,52.3612,168.735,348.115,51.4471,204.704,12.6,1.24905,7.28522,13.7642,5.41384,8.48626,0.0,0.0,0.0,0.0,0.57735,0.894427,0.834523,0.0,0.0,73.3303,74.1912,11.2561,42.146,34.6554,16.0406,22.1553,12.1778,40.9039,237.028,60.0067,134.999,4.04145,4.6188,10.3682,11.5442,1.73205,1.87083,1.98206,11.8533,12.9828,25.661,2.25412,14.7658,18.0034,6.43242,10.8281,166.602,27.5082,92.5465,70.7837,50.3617,53.7864,,,,,,,,,,,,,,,,,,,,,,,,,,,,,,,,,,,,,,,,,,,,,,,,,,,,,,,,,,,,,,,,,,,,,,,,,,,,,,,,,,,,,,,,,,,,,,,,,,,,,,,,,,,,,,,,,,,,,,,,,,,,,,,,,,,,,,,,,,,,,,,,
9e7d28be-3a29-406b-b3e3-d2fd2414605c,,,,,,,,,,,,,,,,,,,,,,,,,,,,,,,,,,,,,,,,,,,,,,,,,,,,,,,,,,,,,,,,,,,,,,,,,,,,,,,,,,,,,,,,,,,,,,,,,8.13173,0.835578,4.47076,11.3137,2.54951,5.85133,0.0,0.707107,0.0,0.377964,11.3137,2.54951,5.85133,0.0,0.0,16.9706,16.9706,2.79285,8.88552,11.3137,2.54951,5.85133,2.40832,8.59125,28.2843,22.5544,21.7628,0.0,0.707107,7.66159,7.06433,0.707107,0.447214,0.57735,7.54983,6.82433,,,,,,,17.6777,21.2415,18.902,10.6066,2.54951,5.75698,0.944011,1.65379,1.38999,4.0,3.11868,3.36493,0.0,0.0,0.377964,0.301511,4.0,3.25869,3.4192,2.64575,2.11058,3.3665,1.89297,4.67007,3.88236,4.0,3.07834,3.371,3.94606,3.93585,6.75154,7.2539,7.3398,2.82843,2.87228,2.37045,2.4532,0.5,0.690066,0.6742,2.50713,2.58668,,,,,,,4.78714,7.67805,6.77965,4.0,3.10913,3.40855,,,,,,,,,,,,,,,,,,,,,,,,,,,,,,,,,,,,,,,,,,,,,,,,,,,,,,,,,,,,,,,,,,,,,,,,,,,,,,,,,,,,,,,,,,,,,,,,,,,,,,,,,,,,,,,,,,,,,,,,,,,,,,,,,,,,,,,,,,,,,,,,
a2952ecb-5ee6-454a-81a6-16e908ee2e18,,,,,,,,,,,,,,,,,,,,,,,,,,,,,,,,,,,,,,,,,,,,,,,,,,,,,,,,,,,,,,,,,,,,,,,,,,,,,,,,,,,,,,,,,,,,,,,,,1.84842,4.09878,3.41056,7.67572,2.68328,6.2849,2.0,2.0,1.78885,1.87083,7.67572,2.68328,6.2849,1.09545,1.45297,7.32575,1.73205,7.70065,5.95352,7.67572,2.68328,6.2849,6.94262,6.71027,7.0,7.92464,7.24185,0.5,0.5,0.447214,0.527046,0.0,0.547723,0.440959,0.447214,0.666667,,,,,,,1.25831,9.0111,6.74743,7.67572,2.68328,6.2849,0.831839,4.34796,3.12436,1.63299,3.65148,2.8734,0.408248,0.408248,4.34796,3.1399,1.63299,3.65148,2.8734,4.64451,3.67074,3.12517,3.38625,4.34796,3.83974,1.63299,3.65148,2.8734,4.64451,3.85473,7.41395,4.18045,5.83974,2.34521,2.50333,1.90238,2.32324,0.408248,0.534522,0.480384,1.57359,2.06311,,,,,,,7.91833,4.33699,6.37503,1.63299,3.65148,2.8734,,,,,,,,,,,,,,,,,,,,,,,,,,,,,,,,,,,,,,,,,,,,,,,,,,,,,,,,,,,,,,,,,,,,,,,,,,,,,,,,,,,,,,,,,,,,,,,,,,,,,,,,,,,,,,,,,,,,,,,,,,,,,,,,,,,,,,,,,,,,,,,,
a3aa60d3-8acb-4e7b-b324-ac85c6c074d2,,,,,,,,,,,,,,,,,,,,,,,,,,,,,,,,,,,,,,,,,,,,,,,,,,,,,,,,,,,,,,,,,,,,,,,,,,,,,,,,,,,,,,,,,,,,,,,,,0.723943,1.09314,1.00125,0.942807,1.56673,1.41764,0.0,0.0,0.0,0.0,0.707107,1.41421,1.2693,0.0,0.0,1.41421,3.53553,2.82843,2.79086,1.41421,4.05101,3.60401,3.72012,3.335,6.36396,21.0912,18.7249,1.41421,1.41421,5.49675,4.8808,2.82843,2.41646,2.33095,6.87516,6.0928,1.21751,0.926593,0.920204,1.04829,1.42404,1.28777,12.0208,9.08295,8.97218,5.65685,13.7678,12.3203,0.565685,0.448378,0.439214,2.82843,1.97001,2.00436,0.0,0.0,0.0,0.0,0.707107,0.0,0.316228,0.0,0.0,5.65685,4.24264,1.88509,2.3214,6.36396,6.06512,5.91514,5.91457,5.67744,38.1838,31.1311,30.2648,7.07107,4.24264,9.02378,8.5349,2.82843,1.38873,1.81353,9.77972,9.11897,1.15278,0.553329,0.629612,2.35482,1.68316,1.71055,16.9706,17.8761,17.1856,21.2132,18.4115,18.2175,,,,,,,,,,,,,,,,,,,,,,,,,,,,,,,,,,,,,,,,,,,,,,,,,,,,,,,,,,,,,,,,,,,,,,,,,,,,,,,,,,,,,,,,,,,,,,,,,,,,,,,,,,,,,,,,,,,,,,,,,,,,,,,,,,,,,,,,,,,,,,,,
a5ea9d2e-766c-4a6b-87b2-8bc4fe445a63,,,,,,,,,,,,,,,,,,,,,,,,,,,,,,,,,,,,,,,,,,,,,,,,,,,,,,,,,,,,,,,,,,,,,,,,,,,,,,,,,,,,,,,,,,,,,,,,,,1.87676,1.72133,,7.36885,6.97615,,,1.94936,1.83485,,7.36885,6.97615,7.36206,6.6458,,,2.07364,1.8619,,7.36885,6.97615,6.09918,5.71839,,5.54977,5.60952,,,1.34164,1.22474,,0.547723,0.547723,1.30384,1.26491,,,,,,,,3.11448,2.80476,,7.36885,6.97615,0.645497,2.09082,1.82914,0.0,2.0,1.57762,0.5,0.5,2.33809,1.85293,0.0,2.0,1.57762,0.516398,0.483046,1.73205,1.73205,2.58199,2.36643,0.0,2.0,1.57762,2.58199,2.36643,3.86221,10.1735,8.20298,1.91485,1.91485,1.78885,1.75119,0.0,0.516398,0.421637,1.96638,1.83787,,,,,,,3.86221,8.21584,6.7297,0.0,2.0,1.57762,,,,,,,,,,,,,,,,,,,,,,,,,,,,,,,,,,,,,,,,,,,,,,,,,,,,,,,,,,,,,,,,,,,,,,,,,,,,,,,,,,,,,,,,,,,,,,,,,,,,,,,,,,,,,,,,,,,,,,,,,,,,,,,,,,,,,,,,,,,,,,,,
a9836b94-4e9e-498f-aa65-0cd76d330641,,,,,,,,,,,,,,,,,,,,,,,,,,,,,,,,,,,,,,,,,,,,,,,,,,,,,,,,,,,,,,,,,,,,,,,,,,,,,,,,,,,,,,,,,,,,,,,,,0.0,3.57873,3.05066,5.68624,1.89297,4.46681,0.0,0.0,3.86221,2.98408,5.68624,0.57735,4.54606,0.5,0.377964,5.1316,0.0,6.97615,5.8838,5.68624,3.3665,4.67007,6.97615,5.75698,5.56776,8.28654,6.873,0.57735,0.57735,2.06155,1.60357,0.57735,0.957427,0.755929,2.08167,1.63299,,,,,,,0.57735,7.41058,6.47339,5.68624,3.86221,4.79583,2.22528,3.96092,2.95898,4.42719,2.30217,3.45885,2.44949,2.44949,4.02492,3.10718,4.42719,2.30217,3.45885,4.02492,3.10718,3.86868,3.86868,3.937,3.86829,4.42719,2.30217,3.45885,3.74166,3.66804,12.7698,4.15933,9.95809,2.33809,2.06559,0.894427,1.80907,0.516398,0.547723,0.504525,1.41421,2.07145,,,,,,,8.5479,3.83406,7.19722,4.42719,2.30217,3.45885,,,,,,,,,,,,,,,,,,,,,,,,,,,,,,,,,,,,,,,,,,,,,,,,,,,,,,,,,,,,,,,,,,,,,,,,,,,,,,,,,,,,,,,,,,,,,,,,,,,,,,,,,,,,,,,,,,,,,,,,,,,,,,,,,,,,,,,,,,,,,,,,
b24dc8d4-e952-4d4a-bbd8-0841ea7d87ee,,,,,,,,,,,,,,,,,,,,,,,,,,,,,,,,,,,,,,,,,,,,,,,,,,,,,,,,,,,,,,,,,,,,,,,,,,,,,,,,,,,,,,,,,,,,,,,,,1.62708,4.27103,3.48136,3.21455,7.49944,6.27716,0.0,0.0,2.80476,2.22361,1.52753,3.18852,2.73861,2.99444,2.848,4.3589,4.04145,5.85662,5.0525,4.93288,12.0499,10.0097,10.9864,9.23309,21.6333,13.9917,15.6587,5.85947,5.7735,1.0328,3.51584,1.0,0.983192,0.927961,0.408248,3.42783,,2.38397,2.20327,,,,23.6714,8.54205,14.4866,6.65833,15.2009,12.7181,3.55903,0.680415,2.54078,4.03113,4.38653,4.05826,1.25831,2.62996,0.408248,1.88562,4.19325,1.94079,2.85968,1.54919,1.41814,4.92443,5.22813,0.816497,3.61478,4.11299,7.56307,6.34298,7.11805,6.16532,13.5892,8.79583,10.2334,1.89297,1.41421,1.22474,1.25167,0.5,0.816497,0.674949,0.752773,1.24722,2.08167,0.235702,1.19317,,,,9.94987,2.04124,6.62403,4.65475,9.79115,8.16769,,,,,,,,,,,,,,,,,,,,,,,,,,,,,,,,,,,,,,,,,,,,,,,,,,,,,,,,,,,,,,,,,,,,,,,,,,,,,,,,,,,,,,,,,,,,,,,,,,,,,,,,,,,,,,,,,,,,,,,,,,,,,,,,,,,,,,,,,,,,,,,,
b771f307-fb8e-49e2-a533-2b4145073203,,,,,,,,,,,,,,,,,,,,,,,,,,,,,,,,,,,,,,,,,,,,,,,,,,,,,,,,,,,,,,,,,,,,,,,,,,,,,,,,,,,,,,,,,,,,,,,,,0.615991,1.402,1.19613,3.3261,19.8091,15.8381,0.0,0.408248,0.377964,0.375534,3.20936,21.0453,15.4318,0.0,0.0,4.89898,4.07022,30.9785,24.8802,4.89898,36.5578,31.4975,36.5578,31.4975,26.7986,319.827,259.245,12.8167,11.2916,158.09,119.429,1.7224,2.70801,2.48328,156.968,119.147,0.771659,4.49526,3.71303,2.32254,14.0361,11.6374,17.4518,286.728,221.278,11.1295,77.2171,66.7002,0.105701,0.969458,1.00343,2.08333,22.9178,17.6656,0.0,0.0,0.0,0.0,2.21736,2.19089,2.06828,0.0,0.0,0.957427,0.5,7.72658,7.61577,0.957427,77.6421,58.8411,76.2017,58.4475,8.58293,265.93,211.327,4.79583,4.42531,12.3774,12.2927,0.5,2.73861,2.43812,13.8816,14.0712,0.104038,1.48285,1.55809,0.823566,32.6314,24.688,5.06623,50.6636,47.8507,5.59762,219.429,168.152,,,,,,,,,,,,,,,,,,,,,,,,,,,,,,,,,,,,,,,,,,,,,,,,,,,,,,,,,,,,,,,,,,,,,,,,,,,,,,,,,,,,,,,,,,,,,,,,,,,,,,,,,,,,,,,,,,,,,,,,,,,,,,,,,,,,,,,,,,,,,,,,
b8484a00-842a-4aa3-a008-07dc9580bb3a,,,,,,,,,,,,,,,,,,,,,,,,,,,,,,,,,,,,,,,,,,,,,,,,,,,,,,,,,,,,,,,,,,,,,,,,,,,,,,,,,,,,,,,,,,,,,,,,,4.15933,1.0817,3.27366,1.30384,1.19702,1.31983,4.02492,4.15933,1.0,3.29502,0.83666,0.57735,0.755929,0.57735,3.15096,3.70135,4.15933,2.0,3.33542,1.81659,2.51661,2.19984,2.51661,3.10529,4.54973,14.0475,9.71008,3.03315,2.38747,3.60555,2.71241,1.0,2.51661,2.0702,6.02771,4.43203,,,,,,,4.27785,6.1101,4.6828,2.68328,8.32666,6.45313,1.16166,0.876255,1.0918,1.20069,3.61939,2.90343,0.408248,1.22474,0.816497,1.08362,0.816497,3.61939,2.90637,3.50714,2.67423,0.983192,1.09545,1.09545,1.16775,1.60208,3.61939,2.93361,3.16228,2.4293,5.89067,3.52136,4.69284,3.08221,3.08221,2.56255,2.83912,1.26491,0.408248,0.900337,2.65832,2.90637,,,,,,,3.93277,3.33167,3.77692,3.54495,3.61939,3.4859,,,,,,,,,,,,,,,,,,,,,,,,,,,,,,,,,,,,,,,,,,,,,,,,,,,,,,,,,,,,,,,,,,,,,,,,,,,,,,,,,,,,,,,,,,,,,,,,,,,,,,,,,,,,,,,,,,,,,,,,,,,,,,,,,,,,,,,,,,,,,,,,
c7650b38-6fb9-4305-bf13-d4f8a40b4dbe,,,,,,,,,,,,,,,,,,,,,,,,,,,,,,,,,,,,,,,,,,,,,,,,,,,,,,,,,,,,,,,,,,,,,,,,,,,,,,,,,,,,,,,,,,,,,,,,,1.96893,3.54495,2.89213,2.136,2.94392,2.52157,0.5,0.5,3.61478,2.88483,1.29099,2.99444,2.37814,3.61478,2.80674,3.69685,4.64579,3.52136,3.86005,3.30404,2.94958,2.98142,3.7238,3.67575,10.0167,6.88961,8.50098,2.5,2.44949,0.547723,1.66333,0.957427,0.752773,0.816497,1.0328,1.91195,1.61154,0.816495,1.41655,,,,10.5317,7.42967,8.58228,4.57347,3.01109,3.62859,3.30994,1.30384,2.79667,7.91833,0.67082,6.06447,0.894427,0.894427,0.447214,0.737865,7.19027,0.547723,5.38413,0.0,0.632456,7.85493,7.33485,2.82843,6.23253,9.26283,0.83666,7.10946,2.60768,6.57943,91.3882,15.3883,68.4255,8.79204,8.50294,3.97492,6.8313,0.83666,1.0,0.875595,4.50555,7.09382,2.00885,1.25277,1.85007,,,,84.0107,14.9432,62.3008,11.5195,1.30384,8.70504,,,,,,,,,,,,,,,,,,,,,,,,,,,,,,,,,,,,,,,,,,,,,,,,,,,,,,,,,,,,,,,,,,,,,,,,,,,,,,,,,,,,,,,,,,,,,,,,,,,,,,,,,,,,,,,,,,,,,,,,,,,,,,,,,,,,,,,,,,,,,,,,
cb952516-48ff-4504-a9e6-080161ee7f8d,,,,,,,,,,,,,,,,,,,,,,,,,,,,,,,,,,,,,,,,,,,,,,,,,,,,,,,,,,,,,,,,,,,,,,,,,,,,,,,,,,,,,,,,,,,,,,,,,,1.07449,1.01441,,6.77021,6.43043,,,0.0,0.0,,2.3863,2.28279,0.0,0.0,,,6.06218,5.71936,,10.0388,9.53123,9.8714,9.3832,,138.216,132.991,,,26.2446,26.3399,,3.90512,3.89301,29.275,29.4583,,1.38936,1.30991,,4.16688,3.98421,,132.847,126.834,,29.9031,28.9484,,1.0193,0.968947,,3.22399,3.04164,,,0.0,0.0,,0.0,0.0,0.0,0.0,,,3.52288,4.01386,,9.61305,9.08448,9.61305,9.08448,,32.3681,36.2181,,,14.442,13.5749,,4.06202,3.87298,17.8306,16.8086,,1.10254,1.14995,,3.78387,3.62717,,27.6406,27.0159,,22.5353,24.2768,,,,,,,,,,,,,,,,,,,,,,,,,,,,,,,,,,,,,,,,,,,,,,,,,,,,,,,,,,,,,,,,,,,,,,,,,,,,,,,,,,,,,,,,,,,,,,,,,,,,,,,,,,,,,,,,,,,,,,,,,,,,,,,,,,,,,,,,,,,,,,,,
ccb6e01b-3dc3-4f63-b1dc-f028fce9463f,,,,,,,,,,,,,,,,,,,,,,,,,,,,,,,,,,,,,,,,,,,,,,,,,,,,,,,,,,,,,,,,,,,,,,,,,,,,,,,,,,,,,,,,,,,,,,,,,0.909838,1.43643,1.03472,0.0,3.21455,2.10017,0.0,0.0,0.0,0.0,0.0,3.21455,2.10017,0.0,0.0,2.16795,2.16795,4.3589,2.85044,0.0,3.21455,2.10017,4.04145,2.82527,6.90652,81.7333,48.7294,1.09545,1.09545,21.6564,12.357,0.0,0.57735,0.46291,21.0792,12.1941,0.90712,1.29622,0.975044,,,,6.90652,83.7158,49.1848,0.0,3.21455,2.10017,0.570745,1.57524,1.21355,2.04939,4.53557,3.57919,0.894427,0.894427,0.377964,0.621582,2.04939,4.53557,3.57919,0.377964,0.621582,1.64317,1.73205,4.37526,3.39675,2.04939,4.53557,3.57919,5.12696,3.97721,8.35464,11.0561,9.60114,2.64575,2.50998,2.43975,2.39159,0.547723,0.377964,0.492366,2.28869,2.4168,0.580067,2.76025,2.01939,,,,7.32803,11.5614,9.61493,2.04939,4.53557,3.57919,,,,,,,,,,,,,,,,,,,,,,,,,,,,,,,,,,,,,,,,,,,,,,,,,,,,,,,,,,,,,,,,,,,,,,,,,,,,,,,,,,,,,,,,,,,,,,,,,,,,,,,,,,,,,,,,,,,,,,,,,,,,,,,,,,,,,,,,,,,,,,,,
cd20f78a-3ab7-4bb5-b400-e4af17ddef1f,,,,,,,,,,,,,,,,,,,,,,,,,,,,,,,,,,,,,,,,,,,,,,,,,,,,,,,,,,,,,,,,,,,,,,,,,,,,,,,,,,,,,,,,,,,,,,,,,2.38048,1.67332,1.8738,2.16025,1.94079,1.95789,2.06155,2.38048,1.67332,1.8738,2.16025,1.94079,1.95789,1.47196,1.61933,2.06155,2.38048,1.67332,1.8738,2.16025,1.94079,1.95789,1.50555,1.63639,1.73205,2.13698,1.88856,0.5,0.57735,0.516398,0.516398,0.5,0.408248,0.421637,0.408248,0.421637,,,,,,,2.38048,1.67332,1.8738,2.16025,1.94079,1.95789,0.57735,3.4983,2.97396,2.3094,3.29682,3.1907,1.73205,0.57735,3.4983,2.97396,2.3094,3.38765,3.21282,3.25137,2.84605,1.73205,0.57735,3.4983,2.97396,2.3094,3.30224,3.23866,3.7607,3.52136,1.73205,4.96655,4.79004,0.0,0.57735,0.690066,0.632456,0.57735,0.57735,0.632456,0.899735,0.843274,,,,,,,0.57735,3.45722,2.96086,2.3094,3.45722,3.40588,,,,,,,,,,,,,,,,,,,,,,,,,,,,,,,,,,,,,,,,,,,,,,,,,,,,,,,,,,,,,,,,,,,,,,,,,,,,,,,,,,,,,,,,,,,,,,,,,,,,,,,,,,,,,,,,,,,,,,,,,,,,,,,,,,,,,,,,,,,,,,,,
d0a1ab1f-7d61-4071-a0e5-21d31dcbf7d4,,,,,,,,,,,,,,,,,,,,,,,,,,,,,,,,,,,,,,,,,,,,,,,,,,,,,,,,,,,,,,,,,,,,,,,,,,,,,,,,,,,,,,,,,,,,,,,,,0.763763,0.707107,0.694365,0.0,1.85137,1.67739,0.0,0.57735,0.547723,0.534522,0.0,1.78885,1.41421,1.78885,1.41421,0.57735,1.0,0.894427,0.886405,0.0,3.0,2.74838,2.77489,2.58775,2.08167,5.56776,4.97853,1.73205,1.1547,1.09545,1.06904,0.57735,1.67332,1.38873,2.19089,1.90863,,,,,,,1.52753,1.41421,1.38873,0.57735,5.65685,5.09902,2.82843,0.534731,1.31005,8.48528,1.12916,4.27566,8.48528,2.82843,0.516398,1.30931,8.48528,0.516398,4.36708,0.0,4.24264,6.36396,2.82843,0.752773,1.3562,8.48528,1.83485,4.29077,1.36626,3.90741,5.65685,3.14112,3.95511,0.707107,0.707107,3.0605,2.71241,0.0,0.983192,0.834523,2.73252,2.47487,,,,,,,2.82843,3.4448,3.10529,8.48528,2.33809,4.34248,,,,,,,,,,,,,,,,,,,,,,,,,,,,,,,,,,,,,,,,,,,,,,,,,,,,,,,,,,,,,,,,,,,,,,,,,,,,,,,,,,,,,,,,,,,,,,,,,,,,,,,,,,,,,,,,,,,,,,,,,,,,,,,,,,,,,,,,,,,,,,,,
d1ac58f8-4334-4249-ad23-1746fed138b1,,,,,,,,,,,,,,,,,,,,,,,,,,,,,,,,,,,,,,,,,,,,,,,,,,,,,,,,,,,,,,,,,,,,,,,,,,,,,,,,,,,,,,,,,,,,,,,,,1.32877,0.906327,1.01746,0.577349,4.26084,3.43577,0.0,1.5,0.899735,1.07872,0.5,4.22013,3.41654,0.95119,0.8202,2.44949,1.29099,2.34013,1.97254,2.44949,5.01427,4.13192,3.81725,3.44568,3.77492,7.50238,6.39176,1.29099,1.29099,1.06904,1.10371,0.816497,1.13389,1.02691,1.27242,1.30035,,,,,,,1.89297,3.53217,2.94186,3.26599,8.24043,6.76891,1.10135,2.3094,1.71979,2.5,4.25245,3.62914,0.0,0.816497,2.08167,1.38013,1.25831,4.3589,3.68394,1.73205,1.46385,3.30404,1.29099,3.51188,2.50713,3.55903,4.16333,3.90969,3.05505,3.7607,11.3248,4.58258,8.80746,2.62996,1.5,1.52753,1.39728,1.29099,0.57735,0.9759,1.73205,2.1157,,,,,,,3.59398,6.1101,4.48808,7.78888,2.51661,5.87164,,,,,,,,,,,,,,,,,,,,,,,,,,,,,,,,,,,,,,,,,,,,,,,,,,,,,,,,,,,,,,,,,,,,,,,,,,,,,,,,,,,,,,,,,,,,,,,,,,,,,,,,,,,,,,,,,,,,,,,,,,,,,,,,,,,,,,,,,,,,,,,,
d1ff441d-a66a-45ab-b1b2-372042b29762,,,,,,,,,,,,,,,,,,,,,,,,,,,,,,,,,,,,,,,,,,,,,,,,,,,,,,,,,,,,,,,,,,,,,,,,,,,,,,,,,,,,,,,,,,,,,,,,,0.57735,3.1305,2.44949,0.0,3.49285,2.87539,0.57735,0.57735,3.1305,2.44949,0.0,3.49285,2.87539,3.1305,2.44949,0.57735,0.57735,3.1305,2.44949,0.0,3.49285,2.87539,3.03315,2.43487,0.57735,6.10737,5.12696,0.0,0.0,1.0,0.916125,0.0,0.547723,0.46291,1.14018,1.12599,,,,,,,0.57735,2.70185,2.32609,0.0,3.49285,2.87539,0.0,1.65086,1.45258,0.0,1.62532,1.43769,0.0,0.0,0.408248,0.353553,0.0,1.60208,1.40789,0.0,0.0,0.0,0.0,3.03315,2.72554,0.0,1.67332,1.48805,2.73252,2.54951,2.12132,13.545,11.8254,2.12132,2.12132,2.50333,2.26385,0.0,0.83666,0.744024,2.63944,2.37547,,,,,,,2.12132,12.2434,10.6335,0.0,1.83485,1.64208,,,,,,,,,,,,,,,,,,,,,,,,,,,,,,,,,,,,,,,,,,,,,,,,,,,,,,,,,,,,,,,,,,,,,,,,,,,,,,,,,,,,,,,,,,,,,,,,,,,,,,,,,,,,,,,,,,,,,,,,,,,,,,,,,,,,,,,,,,,,,,,,
d26777b1-b3b5-4e7c-adf8-5a8264e2ddc6,,,,,,,,,,,,,,,,,,,,,,,,,,,,,,,,,,,,,,,,,,,,,,,,,,,,,,,,,,,,,,,,,,,,,,,,,,,,,,,,,,,,,,,,,,,,,,,,,0.5,2.18989,1.87101,6.32071,1.39311,4.34418,7.0,0.5,1.3784,1.13529,6.94622,1.16905,4.37163,1.21106,4.39191,5.8023,0.5,3.54495,3.09839,6.23832,2.42212,4.95424,2.92689,4.35252,6.65207,5.88784,5.83571,1.91485,0.816497,1.36626,1.31656,1.29099,0.983192,1.05935,1.51658,1.66333,,,,,,,0.816497,6.72309,5.91044,6.70199,3.93277,5.87745,6.34265,1.59199,5.06764,7.41163,1.80739,6.31406,0.957427,5.47723,0.408248,3.49762,3.30404,0.752773,2.65832,0.408248,0.699206,10.2307,11.471,3.88158,8.75912,10.2307,3.12517,8.93246,3.48808,8.31932,45.4606,17.7501,34.9635,2.06155,0.957427,3.82971,3.10018,1.1547,0.983192,1.37032,3.39117,2.79682,,,,,,,11.9548,18.8618,15.7607,33.9448,3.72827,26.2035,,,,,,,,,,,,,,,,,,,,,,,,,,,,,,,,,,,,,,,,,,,,,,,,,,,,,,,,,,,,,,,,,,,,,,,,,,,,,,,,,,,,,,,,,,,,,,,,,,,,,,,,,,,,,,,,,,,,,,,,,,,,,,,,,,,,,,,,,,,,,,,,
d5aac654-91bb-4ae4-b8cf-5704421fd07e,,,,,,,,,,,,,,,,,,,,,,,,,,,,,,,,,,,,,,,,,,,,,,,,,,,,,,,,,,,,,,,,,,,,,,,,,,,,,,,,,,,,,,,,,,,,,,,,,2.92689,2.94392,2.90637,0.408248,7.02673,5.10106,1.21106,1.75119,2.94392,2.3094,0.408248,6.82398,4.86795,6.48074,4.77366,5.00666,5.00666,2.94392,4.21757,0.408248,7.42069,5.46268,6.73548,5.6749,9.51665,13.1453,10.95,0.752773,0.894427,0.632456,0.904534,0.408248,1.0328,0.792961,0.816497,0.792961,,,,0.0,1.69804,1.27565,9.59166,2.88097,7.55736,0.408248,14.0535,10.2233,2.136,3.05505,2.42261,6.0,3.4641,4.72077,4.83046,1.82574,1.1547,1.46385,6.0,3.4641,4.72077,1.1547,3.90969,4.5,2.5,6.4291,4.39697,6.0,3.4641,4.72077,6.02771,4.74091,4.69042,8.32666,6.35085,0.57735,0.957427,2.0,1.63299,0.5,0.57735,0.48795,1.52753,1.38013,,,,0.0,0.0,0.0,4.24264,9.86577,7.11471,6.0,3.4641,4.72077,,,,,,,,,,,,,,,,,,,,,,,,,,,,,,,,,,,,,,,,,,,,,,,,,,,,,,,,,,,,,,,,,,,,,,,,,,,,,,,,,,,,,,,,,,,,,,,,,,,,,,,,,,,,,,,,,,,,,,,,,,,,,,,,,,,,,,,,,,,,,,,,
d87719f9-6868-47bb-91d5-02acf9190f94,,,,,,,,,,,,,,,,,,,,,,,,,,,,,,,,,,,,,,,,,,,,,,,,,,,,,,,,,,,,,,,,,,,,,,,,,,,,,,,,,,,,,,,,,,,,,,,,,0.800462,1.56255,1.03772,2.80476,2.51661,2.63523,0.408248,0.408248,0.0,0.333333,1.21106,2.51661,1.87083,0.0,0.333333,3.3116,1.7224,4.58258,3.01846,4.32049,2.64575,3.72305,4.04145,3.35824,8.93868,24.9065,16.6941,1.8619,1.26491,5.56776,3.1225,1.21106,0.0,1.2693,5.56776,3.64387,,,,,,,5.50151,17.9258,11.3798,7.44088,7.54983,7.63944,1.91391,3.3646,2.54637,9.81071,7.57111,8.13182,2.16025,1.29099,0.0,0.886405,9.32738,6.97615,7.62983,0.0,1.77281,8.34166,3.68556,6.13732,4.77905,10.2956,8.20569,8.68496,7.5,7.36304,21.4068,46.4543,37.3016,4.08248,4.92443,11.1654,8.65922,0.957427,1.41421,1.18773,12.0277,9.11827,,,,,,,19.3305,40.738,32.1334,20.1556,15.5644,17.0859,,,,,,,,,,,,,,,,,,,,,,,,,,,,,,,,,,,,,,,,,,,,,,,,,,,,,,,,,,,,,,,,,,,,,,,,,,,,,,,,,,,,,,,,,,,,,,,,,,,,,,,,,,,,,,,,,,,,,,,,,,,,,,,,,,,,,,,,,,,,,,,,
db4bc043-4f67-418c-bd8a-e15543032389,,,,,,,,,,,,,,,,,,,,,,,,,,,,,,,,,,,,,,,,,,,,,,,,,,,,,,,,,,,,,,,,,,,,,,,,,,,,,,,,,,,,,,,,,,,,,,,,,0.118316,3.36774,2.95393,6.4082,23.4225,19.3316,0.0,0.0,1.88982,1.50756,0.816497,2.37045,2.0226,1.88982,1.50756,7.5,3.55903,28.7924,23.9742,10.2144,67.4498,55.1744,65.2289,53.6981,44.6122,255.893,213.464,12.9968,11.758,14.6043,13.2294,1.73205,2.1492,1.97254,15.9732,14.5521,0.387266,5.84846,4.90312,5.26929,30.2199,24.6972,32.2219,163.648,136.721,19.3305,95.7285,79.7163,0.812744,0.85201,0.984023,4.21935,8.39577,6.79243,0.0,0.0,0.786796,0.621582,2.91548,0.755929,2.50303,0.786796,0.621582,9.64365,8.06226,15.3561,12.6203,11.077,18.5331,15.2462,17.1991,14.2191,55.2313,119.046,96.0781,11.5109,9.54987,26.1461,20.196,2.28035,2.19306,2.19331,28.2126,21.9771,1.34758,1.45849,1.58888,5.36463,9.1023,7.64292,23.8328,87.6897,70.0772,31.5436,41.6648,36.2838,,,,,,,,,,,,,,,,,,,,,,,,,,,,,,,,,,,,,,,,,,,,,,,,,,,,,,,,,,,,,,,,,,,,,,,,,,,,,,,,,,,,,,,,,,,,,,,,,,,,,,,,,,,,,,,,,,,,,,,,,,,,,,,,,,,,,,,,,,,,,,,,
dba4459b-ef47-43cc-b721-364c0406f355,,,,,,,,,,,,,,,,,,,,,,,,,,,,,,,,,,,,,,,,,,,,,,,,,,,,,,,,,,,,,,,,,,,,,,,,,,,,,,,,,,,,,,,,,,,,,,,,,0.860299,0.700595,0.779978,0.5,0.0,0.534522,0.0,0.816497,0.0,0.57735,0.5,0.0,0.534522,0.0,0.0,1.73205,2.06155,2.64575,2.1492,0.5,0.0,0.534522,2.64575,1.97605,9.55685,11.5326,9.6214,5.91608,6.39661,4.16333,5.1316,0.5,0.0,0.534522,4.16333,4.82553,,,,,,,10.0457,11.5326,9.9403,0.5,0.0,0.534522,4.84868,0.853944,3.28252,3.0,2.56255,2.58414,5.5,5.5,0.0,3.47851,3.0,2.56255,2.58414,0.0,3.47851,3.74166,3.74166,2.44949,3.50238,3.0,2.56255,2.58414,2.73861,3.47851,8.28654,11.5195,10.3864,3.10913,2.98608,3.0605,2.91357,0.5,0.816497,0.707107,3.76386,3.3483,,,,,,,7.32575,8.69483,8.65384,3.0,3.56371,3.21282,,,,,,,,,,,,,,,,,,,,,,,,,,,,,,,,,,,,,,,,,,,,,,,,,,,,,,,,,,,,,,,,,,,,,,,,,,,,,,,,,,,,,,,,,,,,,,,,,,,,,,,,,,,,,,,,,,,,,,,,,,,,,,,,,,,,,,,,,,,,,,,,
dec05b58-d6d4-4478-b730-3fd040c4e52d,,,,,,,,,,,,,,,,,,,,,,,,,,,,,,,,,,,,,,,,,,,,,,,,,,,,,,,,,,,,,,,,,,,,,,,,,,,,,,,,,,,,,,,,,,,,,,,,,8.22923,51.2119,42.5851,0.0,0.0,0.0,0.0,0.0,0.786796,0.64667,0.0,0.0,0.0,0.786796,0.64667,121.574,121.574,315.516,271.397,0.0,0.0,0.0,315.516,271.397,358.103,1034.92,928.656,16.5202,16.5202,36.0806,31.1617,0.0,0.0,0.0,36.0806,31.1617,21.058,86.3456,72.2891,0.0,0.0,0.0,358.103,1034.92,928.656,0.0,0.0,0.0,14.4331,25.0295,23.5025,0.0,0.0,0.0,1.0,1.0,0.0,0.5547,0.0,0.0,0.0,0.0,0.5547,185.383,185.383,395.905,353.599,0.0,0.0,0.0,395.905,353.599,367.682,1672.49,1485.4,15.1658,15.1658,42.3579,37.9135,0.0,0.0,0.0,42.3579,37.9135,44.1747,58.8949,55.3183,0.0,0.0,0.0,367.682,1672.49,1485.4,0.0,0.0,0.0,,,,,,,,,,,,,,,,,,,,,,,,,,,,,,,,,,,,,,,,,,,,,,,,,,,,,,,,,,,,,,,,,,,,,,,,,,,,,,,,,,,,,,,,,,,,,,,,,,,,,,,,,,,,,,,,,,,,,,,,,,,,,,,,,,,,,,,,,,,,,,,,
dfa65587-95f0-4384-9d81-64a15e78bf16,,,,,,,,,,,,,,,,,,,,,,,,,,,,,,,,,,,,,,,,,,,,,,,,,,,,,,,,,,,,,,,,,,,,,,,,,,,,,,,,,,,,,,,,,,,,,,,,,2.00062,1.52167,1.66176,1.47196,5.34355,4.48651,0.5,0.5,1.48805,1.21543,1.25831,5.34355,4.50252,4.8107,4.07784,3.40343,3.55903,1.95941,2.64432,1.70783,5.34355,4.47891,4.5336,4.08619,8.18535,4.51782,6.73469,3.55903,3.69685,1.28174,3.02515,1.0,0.46291,0.738549,1.19523,3.22866,1.53247,0.924962,1.19805,,,,6.55744,2.50713,5.58949,2.94392,5.34355,4.53522,0.813978,1.16823,1.05061,0.763763,3.15096,2.98709,0.0,0.0,0.353553,0.301511,2.08167,3.15096,2.87307,0.353553,0.301511,2.64575,4.04145,3.20435,3.36019,1.52753,3.15096,3.61311,3.75832,3.66308,12.6623,7.86947,12.0605,4.58258,5.0,1.58114,3.57262,1.0,0.46291,1.00905,1.69031,4.10986,1.15197,1.42847,1.27316,,,,11.0151,6.39196,8.94834,3.60555,3.15096,4.41485,,,,,,,,,,,,,,,,,,,,,,,,,,,,,,,,,,,,,,,,,,,,,,,,,,,,,,,,,,,,,,,,,,,,,,,,,,,,,,,,,,,,,,,,,,,,,,,,,,,,,,,,,,,,,,,,,,,,,,,,,,,,,,,,,,,,,,,,,,,,,,,,
e261bc00-2e1f-4c98-8511-deedb1d77739,,,,,,,,,,,,,,,,,,,,,,,,,,,,,,,,,,,,,,,,,,,,,,,,,,,,,,,,,,,,,,,,,,,,,,,,,,,,,,,,,,,,,,,,,,,,,,,,,1.48324,2.58501,1.95256,4.27143,5.61759,4.81319,1.30384,1.51658,0.5,1.20185,3.91152,3.10913,3.53553,3.0,2.08833,5.12835,1.48324,6.85565,4.74634,5.12835,8.30161,6.96419,8.1035,6.7082,13.3154,35.8004,23.9988,0.83666,0.83666,1.70783,1.23603,0.547723,2.5,1.5899,3.16228,2.02759,,,,2.38087,3.31268,2.87971,1.48324,10.6262,7.2111,12.054,34.5965,22.8388,1.38744,2.62504,2.0763,6.53119,5.67666,5.9288,0.894427,1.0,2.56255,1.92117,1.41421,0.632456,1.12815,2.44949,1.83402,9.93479,1.78885,5.78504,4.44563,9.93479,10.469,9.81928,9.13601,9.04434,31.8072,36.9378,33.0102,1.81659,0.547723,2.78687,2.16165,1.30384,1.87083,1.5667,4.0332,3.14498,,,,3.88871,4.23605,3.91539,3.28634,11.4833,8.93614,28.6653,29.008,27.7878,,,,,,,,,,,,,,,,,,,,,,,,,,,,,,,,,,,,,,,,,,,,,,,,,,,,,,,,,,,,,,,,,,,,,,,,,,,,,,,,,,,,,,,,,,,,,,,,,,,,,,,,,,,,,,,,,,,,,,,,,,,,,,,,,,,,,,,,,,,,,,,,
f4f84e15-621a-4900-96f1-a8d058066570,,,,,,,,,,,,,,,,,,,,,,,,,,,,,,,,,,,,,,,,,,,,,,,,,,,,,,,,,,,,,,,,,,,,,,,,,,,,,,,,,,,,,,,,,,,,,,,,,1.70945,1.64992,1.73227,1.0,0.5,0.866025,0.894427,1.09545,1.1547,1.13039,1.0,0.5,0.866025,1.1547,0.971825,2.70185,3.08221,2.64575,2.82843,1.0,0.5,0.866025,2.64575,2.57121,5.72713,4.08248,4.81606,1.94936,1.64317,0.816497,1.2693,0.547723,0.5,0.527046,0.957427,1.5,,,,,,,5.22494,4.34933,4.69338,1.0,0.5,0.866025,0.381881,0.291866,0.299919,1.52753,1.63865,1.51025,0.0,0.0,0.0,0.0,1.52753,1.21106,1.2693,0.0,0.0,1.52753,1.52753,0.752773,1.0,1.52753,2.87518,2.4037,2.09762,1.85592,8.18535,5.13809,5.76628,4.0,3.51188,2.78687,2.81859,0.57735,1.21106,1.0,2.78687,2.97676,,,,,,,6.65833,4.53505,4.91031,1.52753,4.02078,3.29562,,,,,,,,,,,,,,,,,,,,,,,,,,,,,,,,,,,,,,,,,,,,,,,,,,,,,,,,,,,,,,,,,,,,,,,,,,,,,,,,,,,,,,,,,,,,,,,,,,,,,,,,,,,,,,,,,,,,,,,,,,,,,,,,,,,,,,,,,,,,,,,,
f7ea4330-8f1c-4042-b5ea-13726c70efb1,,,,,,,,,,,,,,,,,,,,,,,,,,,,,,,,,,,,,,,,,,,,,,,,,,,,,,,,,,,,,,,,,,,,,,,,,,,,,,,,,,,,,,,,,,,,,,,,,0.547723,1.65202,1.33333,0.447214,2.0,1.2693,0.447214,0.547723,0.816497,0.707107,0.447214,2.0,1.2693,1.41421,1.01379,0.447214,0.547723,2.98608,2.39792,0.447214,2.0,1.2693,2.06155,2.06828,0.547723,8.22598,6.54684,0.547723,0.547723,3.69685,2.81859,0.0,0.5,0.5,3.40343,2.45515,,,,,,,0.547723,9.29157,7.1239,0.447214,2.0,1.2693,1.06719,0.763763,0.875142,0.471405,0.57735,0.854494,0.57735,0.957427,0.57735,0.755929,0.57735,0.57735,0.816497,0.0,0.48795,0.5,1.1547,1.0,1.0,0.816497,0.57735,1.1127,0.57735,0.690066,2.62996,1.1547,2.4103,1.73205,1.41421,1.0,1.1547,1.0,0.57735,1.0,0.57735,1.41421,,,,,,,2.36291,1.52753,1.90238,1.73205,0.57735,1.71825,,,,,,,,,,,,,,,,,,,,,,,,,,,,,,,,,,,,,,,,,,,,,,,,,,,,,,,,,,,,,,,,,,,,,,,,,,,,,,,,,,,,,,,,,,,,,,,,,,,,,,,,,,,,,,,,,,,,,,,,,,,,,,,,,,,,,,,,,,,,,,,,
f92b4712-d45b-4aa6-bacc-fee783b55290,,,,,,,,,,,,,,,,,,,,,,,,,,,,,,,,,,,,,,,,,,,,,,,,,,,,,,,,,,,,,,,,,,,,,,,,,,,,,,,,,,,,,,,,,,,,,,,,,1.23929,1.39194,1.26508,0.0,6.35085,4.15761,1.41421,1.41421,1.0,1.1547,0.0,6.35085,4.15761,1.0,1.1547,1.41421,1.41421,3.4641,2.47848,0.0,6.35085,4.15761,4.6188,3.18479,6.18466,15.308,10.1606,2.62996,2.62996,1.52753,2.1157,0.0,0.57735,0.377964,2.08167,2.23607,,,,,,,6.18466,8.96289,6.79285,0.0,6.35085,4.15761,0.957426,2.98192,2.29362,0.0,1.22474,0.948683,1.5,1.5,0.408248,1.07497,0.0,1.22474,0.948683,0.408248,1.07497,1.70783,1.70783,6.03324,4.64878,0.0,1.22474,0.948683,6.03324,4.64878,4.42531,6.88961,5.78216,2.44949,2.44949,1.51658,1.82878,0.0,0.408248,0.316228,1.63299,1.8738,,,,,,,4.42531,6.70572,5.63323,0.0,1.22474,0.948683,,,,,,,,,,,,,,,,,,,,,,,,,,,,,,,,,,,,,,,,,,,,,,,,,,,,,,,,,,,,,,,,,,,,,,,,,,,,,,,,,,,,,,,,,,,,,,,,,,,,,,,,,,,,,,,,,,,,,,,,,,,,,,,,,,,,,,,,,,,,,,,,
fe880b1f-df9c-476f-a7b3-ac363000fee7,,,,,,,,,,,,,,,,,,,,,,,,,,,,,,,,,,,,,,,,,,,,,,,,,,,,,,,,,,,,,,,,,,,,,,,,,,,,,,,,,,,,,,,,,,,,,,,,,1.45535,1.34655,1.33114,3.32415,2.91139,2.9883,0.0,0.0,0.377964,0.288675,3.34664,2.57275,2.86039,0.0,0.0,2.88097,3.08221,2.98408,2.95804,3.31662,3.59232,3.34279,2.96808,2.90767,7.90569,5.38074,6.21338,1.48324,0.83666,2.50713,1.95982,1.0,0.786796,0.866025,2.1157,1.80907,1.53017,1.56669,1.53997,,,,4.96991,4.79583,4.77604,4.02492,4.15761,4.00284,0.580787,0.57617,0.554443,2.62996,1.22474,1.98886,0.0,0.0,0.516398,0.421637,2.62996,1.22474,1.98886,0.516398,0.421637,2.16025,2.16025,1.0328,1.50555,2.62996,1.22474,1.98886,1.0328,1.50555,9.91211,2.19089,7.1717,3.16228,2.75379,2.31661,2.93636,0.5,0.408248,0.516398,2.19089,3.20416,0.698276,0.646471,0.62676,,,,7.32575,1.97484,5.44569,2.62996,1.22474,1.98886,,,,,,,,,,,,,,,,,,,,,,,,,,,,,,,,,,,,,,,,,,,,,,,,,,,,,,,,,,,,,,,,,,,,,,,,,,,,,,,,,,,,,,,,,,,,,,,,,,,,,,,,,,,,,,,,,,,,,,,,,,,,,,,,,,,,,,,,,,,,,,,,
